ticker,sector,date,fundamental_score,technical_score,sentiment_score,price_now,price_future,label,vix_level,stock_beta,peg_ratio,rsi_14
AAPL,Technology,2026-02-05,46.8,,52.5,276.8,259.88,0,21.77,1.109,1.7835,
AAPL,Technology,2026-02-06,46.8,,54.5,278.12,259.88,0,20.37,1.109,1.7835,
AAPL,Technology,2026-02-09,46.8,,61.4,274.62,260.81,0,17.36,1.109,1.7835,
AAPL,Technology,2026-02-10,46.8,,55.6,273.68,255.76,0,17.79,1.109,1.7835,
AAPL,Technology,2026-02-11,46.8,,54.4,275.5,250.12,0,17.65,1.109,1.7835,
AAPL,Technology,2026-02-12,46.8,,50.0,261.73,252.82,0,20.82,1.109,1.7835,
AAPL,Technology,2026-02-13,46.8,,46.8,255.78,252.82,0,20.6,1.109,1.7835,
AAPL,Technology,2026-02-17,46.8,,32.0,263.88,248.96,0,20.29,1.109,1.7835,
AAPL,Technology,2026-02-18,46.8,,31.2,264.35,247.99,0,19.62,1.109,1.7835,
AAPL,Technology,2026-02-19,46.8,,27.0,260.58,251.49,0,20.23,1.109,1.7835,
AAPL,Technology,2026-02-20,46.8,,27.6,264.58,251.49,0,19.09,1.109,1.7835,
AAPL,Technology,2026-02-23,46.8,,39.4,266.18,252.62,0,21.01,1.109,1.7835,
AAPL,Technology,2026-02-24,46.8,,37.0,272.14,252.89,0,19.55,1.109,1.7835,
AAPL,Technology,2026-02-25,46.8,,43.5,274.23,248.8,0,17.93,1.109,1.7835,62.2
AAPL,Technology,2026-02-26,46.8,,45.7,272.95,253.79,0,18.63,1.109,1.7835,60.23
AAPL,Technology,2026-02-27,46.8,,50.5,264.18,253.79,0,19.86,1.109,1.7835,48.84
AAPL,Technology,2026-03-02,46.8,,51.9,264.72,255.63,0,21.44,1.109,1.7835,49.47
AAPL,Technology,2026-03-03,46.8,,51.8,263.75,255.92,0,23.57,1.109,1.7835,48.31
AAPL,Technology,2026-03-04,46.8,,56.2,262.52,258.86,0,21.15,1.109,1.7835,46.82
AAPL,Technology,2026-03-05,46.8,34.8,52.0,260.29,258.86,0,23.75,1.109,1.7835,44.15
AAPL,Technology,2026-03-06,46.8,29.2,49.4,257.46,258.86,1,29.49,1.109,1.7835,40.95
AAPL,Technology,2026-03-09,46.8,34.5,51.1,259.88,258.9,0,25.5,1.109,1.7835,44.64
AAPL,Technology,2026-03-10,46.8,38.4,54.8,260.83,260.49,0,24.93,1.109,1.7835,46.06
AAPL,Technology,2026-03-11,46.8,40.6,49.8,260.81,260.48,0,24.23,1.109,1.7835,46.04
AAPL,Technology,2026-03-12,46.8,30.8,50.0,255.76,259.2,1,27.29,1.109,1.7835,39.74
AAPL,Technology,2026-03-13,46.8,23.5,53.6,250.12,259.2,1,27.19,1.109,1.7835,34.13
MSFT,Technology,2026-02-05,66.0,,37.0,393.94,409.41,1,21.77,1.107,1.2478,
MSFT,Technology,2026-02-06,66.0,,45.6,401.14,409.41,1,20.37,1.107,1.2478,
MSFT,Technology,2026-02-09,66.0,,48.8,413.6,404.88,0,17.36,1.107,1.2478,
MSFT,Technology,2026-02-10,66.0,,48.4,413.27,401.86,0,17.79,1.107,1.2478,
MSFT,Technology,2026-02-11,66.0,,49.2,404.37,395.55,0,17.65,1.107,1.2478,
MSFT,Technology,2026-02-12,66.0,,50.3,401.84,399.95,0,20.82,1.107,1.2478,
MSFT,Technology,2026-02-13,66.0,,47.3,401.32,399.95,0,20.6,1.107,1.2478,
MSFT,Technology,2026-02-17,66.0,,38.3,396.86,389.02,0,20.29,1.107,1.2478,
MSFT,Technology,2026-02-18,66.0,,35.5,399.6,381.85,0,19.62,1.107,1.2478,
MSFT,Technology,2026-02-19,66.0,,36.5,398.46,383.0,0,20.23,1.107,1.2478,
MSFT,Technology,2026-02-20,66.0,,36.1,397.23,383.0,0,19.09,1.107,1.2478,
MSFT,Technology,2026-02-23,66.0,,43.1,384.47,371.04,0,21.01,1.107,1.2478,
MSFT,Technology,2026-02-24,66.0,,42.6,389.0,365.97,0,19.55,1.107,1.2478,
MSFT,Technology,2026-02-25,66.0,,46.6,400.6,356.77,0,17.93,1.107,1.2478,74.5
MSFT,Technology,2026-02-26,66.0,,48.6,401.72,370.17,0,18.63,1.107,1.2478,74.85
MSFT,Technology,2026-02-27,66.0,,46.1,392.74,370.17,0,19.86,1.107,1.2478,66.92
MSFT,Technology,2026-03-02,66.0,,52.1,398.55,369.37,0,21.44,1.107,1.2478,69.2
MSFT,Technology,2026-03-03,66.0,,52.1,403.93,373.46,0,23.57,1.107,1.2478,71.17
MSFT,Technology,2026-03-04,66.0,,50.9,405.2,372.88,0,21.15,1.107,1.2478,71.63
MSFT,Technology,2026-03-05,66.0,75.4,51.3,410.68,372.88,0,23.75,1.107,1.2478,73.6
MSFT,Technology,2026-03-06,66.0,75.1,52.8,408.96,372.88,0,29.49,1.107,1.2478,71.91
MSFT,Technology,2026-03-09,66.0,75.5,53.2,409.41,374.33,0,25.5,1.107,1.2478,72.09
MSFT,Technology,2026-03-10,66.0,71.9,54.2,405.76,373.07,0,24.93,1.107,1.2478,68.27
MSFT,Technology,2026-03-11,66.0,69.9,47.8,404.88,370.87,0,24.23,1.107,1.2478,67.34
MSFT,Technology,2026-03-12,66.0,64.5,46.5,401.86,384.37,0,27.29,1.107,1.2478,64.12
MSFT,Technology,2026-03-13,66.0,52.6,47.2,395.55,384.37,0,27.19,1.107,1.2478,57.9
GOOGL,Technology,2026-02-05,69.7,,39.1,329.73,306.36,0,21.77,1.128,0.991,
GOOGL,Technology,2026-02-06,69.7,,47.5,322.86,306.36,0,20.37,1.128,0.991,
GOOGL,Technology,2026-02-09,69.7,,47.6,324.32,308.7,0,17.36,1.128,0.991,
GOOGL,Technology,2026-02-10,69.7,,44.0,318.58,303.55,0,17.79,1.128,0.991,
GOOGL,Technology,2026-02-11,69.7,,45.6,310.96,302.28,0,17.65,1.128,0.991,
GOOGL,Technology,2026-02-12,69.7,,45.2,309.0,305.56,0,20.82,1.128,0.991,
GOOGL,Technology,2026-02-13,69.7,,49.6,305.72,305.56,0,20.6,1.128,0.991,
GOOGL,Technology,2026-02-17,69.7,,35.8,302.02,307.13,1,20.29,1.128,0.991,
GOOGL,Technology,2026-02-18,69.7,,39.9,303.33,301.0,0,19.62,1.128,0.991,
GOOGL,Technology,2026-02-19,69.7,,35.1,302.85,302.06,0,20.23,1.128,0.991,
GOOGL,Technology,2026-02-20,69.7,,40.0,314.98,302.06,0,19.09,1.128,0.991,
GOOGL,Technology,2026-02-23,69.7,,46.7,311.49,290.93,0,21.01,1.128,0.991,
GOOGL,Technology,2026-02-24,69.7,,46.6,310.9,280.92,0,19.55,1.128,0.991,
GOOGL,Technology,2026-02-25,69.7,,51.1,312.9,274.34,0,17.93,1.128,0.991,19.29
GOOGL,Technology,2026-02-26,69.7,,48.5,307.38,287.56,0,18.63,1.128,0.991,17.75
GOOGL,Technology,2026-02-27,69.7,,50.9,311.76,287.56,0,19.86,1.128,0.991,22.99
GOOGL,Technology,2026-03-02,69.7,,43.3,306.52,297.39,0,21.44,1.128,0.991,21.25
GOOGL,Technology,2026-03-03,69.7,,39.1,303.58,295.77,0,23.57,1.128,0.991,20.32
GOOGL,Technology,2026-03-04,69.7,,41.9,303.13,299.99,0,21.15,1.128,0.991,20.17
GOOGL,Technology,2026-03-05,69.7,27.3,40.6,300.88,299.99,0,23.75,1.128,0.991,19.42
GOOGL,Technology,2026-03-06,69.7,25.3,37.5,298.52,299.99,1,29.49,1.128,0.991,18.64
GOOGL,Technology,2026-03-09,69.7,37.2,40.7,306.36,317.32,1,25.5,1.128,0.991,28.89
GOOGL,Technology,2026-03-10,69.7,42.9,43.6,307.04,318.49,1,24.93,1.128,0.991,29.72
GOOGL,Technology,2026-03-11,69.7,48.9,47.2,308.7,317.24,1,24.23,1.128,0.991,31.8
GOOGL,Technology,2026-03-12,69.7,43.1,46.9,303.55,321.31,1,27.29,1.128,0.991,28.93
GOOGL,Technology,2026-03-13,69.7,41.2,44.3,302.28,321.31,1,27.19,1.128,0.991,28.26
ADANIENT.NS,Multiple,2026-02-06,44.9,,32.8,2226.4,2002.1,0,20.37,0.542,0.002,
ADANIENT.NS,Multiple,2026-02-09,44.9,,56.1,2251.2,1973.9,0,17.36,0.542,0.002,
ADANIENT.NS,Multiple,2026-02-10,44.9,,32.7,2227.3,2004.4,0,17.79,0.542,0.002,
ADANIENT.NS,Multiple,2026-02-11,44.9,,27.3,2234.3,1961.1,0,17.65,0.542,0.002,
ADANIENT.NS,Multiple,2026-02-12,44.9,,29.3,2209.3,1978.0,0,20.82,0.542,0.002,
ADANIENT.NS,Multiple,2026-02-13,44.9,,29.4,2136.6,1978.0,0,20.6,0.542,0.002,
ADANIENT.NS,Multiple,2026-02-16,44.9,,24.3,2183.1,2004.3,0,20.6,0.542,0.002,
ADANIENT.NS,Multiple,2026-02-17,44.9,,33.2,2244.7,1936.4,0,20.29,0.542,0.002,
ADANIENT.NS,Multiple,2026-02-18,44.9,,49.8,2212.3,1927.1,0,19.62,0.542,0.002,
ADANIENT.NS,Multiple,2026-02-19,44.9,,60.9,2155.9,1833.0,0,20.23,0.542,0.002,
ADANIENT.NS,Multiple,2026-02-20,44.9,,68.1,2160.8,1833.0,0,19.09,0.542,0.002,
ADANIENT.NS,Multiple,2026-02-23,44.9,,75.0,2187.0,1886.6,0,21.01,0.542,0.002,
ADANIENT.NS,Multiple,2026-02-25,44.9,,81.2,2237.2,1823.0,0,17.93,0.542,0.002,69.33
ADANIENT.NS,Multiple,2026-02-26,44.9,,65.8,2215.2,1758.8,0,18.63,0.542,0.002,65.62
ADANIENT.NS,Multiple,2026-03-02,44.9,,59.1,2124.6,1842.5,0,21.44,0.542,0.002,52.72
ADANIENT.NS,Multiple,2026-03-04,44.9,,65.1,2076.5,1902.2,0,21.15,0.542,0.002,47.18
ADANIENT.NS,Multiple,2026-03-09,44.9,20.0,95.1,2002.1,2043.8,1,25.5,0.542,0.002,39.71
ADANIENT.NS,Multiple,2026-03-10,44.9,19.8,90.5,1996.0,2040.5,1,24.93,0.542,0.002,39.14
ADANIENT.NS,Multiple,2026-03-11,44.9,18.5,90.5,1973.9,2086.8,1,24.23,0.542,0.002,37.07
ADANIENT.NS,Multiple,2026-03-12,44.9,21.0,87.5,2004.4,2129.0,1,27.29,0.542,0.002,41.66
RELIANCE.NS,Multiple,2026-02-06,36.0,,81.8,1450.8,1422.7,0,20.37,0.22,35.6106,
RELIANCE.NS,Multiple,2026-02-09,36.0,,75.6,1461.1,1390.8,0,17.36,0.22,35.6106,
RELIANCE.NS,Multiple,2026-02-10,36.0,,76.4,1456.4,1390.5,0,17.79,0.22,35.6106,
RELIANCE.NS,Multiple,2026-02-11,36.0,,80.4,1469.0,1380.7,0,17.65,0.22,35.6106,
RELIANCE.NS,Multiple,2026-02-12,36.0,,79.7,1448.6,1395.1,0,20.82,0.22,35.6106,
RELIANCE.NS,Multiple,2026-02-13,36.0,,74.2,1419.6,1395.1,0,20.6,0.22,35.6106,
RELIANCE.NS,Multiple,2026-02-16,36.0,,74.8,1436.4,1406.9,0,20.6,0.22,35.6106,
RELIANCE.NS,Multiple,2026-02-17,36.0,,74.5,1422.6,1385.7,0,20.29,0.22,35.6106,
RELIANCE.NS,Multiple,2026-02-18,36.0,,74.1,1441.5,1414.4,0,19.62,0.22,35.6106,
RELIANCE.NS,Multiple,2026-02-19,36.0,,71.1,1408.5,1407.8,0,20.23,0.22,35.6106,
RELIANCE.NS,Multiple,2026-02-20,36.0,,73.2,1419.4,1407.8,0,19.09,0.22,35.6106,
RELIANCE.NS,Multiple,2026-02-23,36.0,,78.0,1429.0,1413.1,0,21.01,0.22,35.6106,
RELIANCE.NS,Multiple,2026-02-24,36.0,,79.2,1430.0,1348.1,0,19.55,0.22,35.6106,
RELIANCE.NS,Multiple,2026-02-25,36.0,,78.1,1398.7,1348.1,0,17.93,0.22,35.6106,53.25
RELIANCE.NS,Multiple,2026-02-26,36.0,,80.1,1406.4,1343.9,0,18.63,0.22,35.6106,55.12
RELIANCE.NS,Multiple,2026-02-27,36.0,,82.4,1393.9,1343.9,0,19.86,0.22,35.6106,51.52
RELIANCE.NS,Multiple,2026-03-02,36.0,,74.6,1358.0,1369.2,1,21.44,0.22,35.6106,42.88
RELIANCE.NS,Multiple,2026-03-04,36.0,,71.4,1340.5,1304.7,0,21.15,0.22,35.6106,39.4
RELIANCE.NS,Multiple,2026-03-05,36.0,,64.5,1389.7,1304.7,0,23.75,0.22,35.6106,51.34
RELIANCE.NS,Multiple,2026-03-06,36.0,45.9,59.2,1404.8,1304.7,0,29.49,0.22,35.6106,54.31
RELIANCE.NS,Multiple,2026-03-09,36.0,63.5,46.1,1422.7,1347.8,0,25.5,0.22,35.6106,57.62
RELIANCE.NS,Multiple,2026-03-10,36.0,57.7,50.9,1408.5,1330.0,0,24.93,0.22,35.6106,54.26
RELIANCE.NS,Multiple,2026-03-11,36.0,46.2,46.8,1390.8,1350.2,0,24.23,0.22,35.6106,50.33
RELIANCE.NS,Multiple,2026-03-12,36.0,46.9,45.4,1390.5,1315.1,0,27.29,0.22,35.6106,50.26
RELIANCE.NS,Multiple,2026-03-13,36.0,42.6,47.8,1380.7,1315.1,0,27.19,0.22,35.6106,48.03
META,Technology,2026-02-06,60.2,,36.8,661.46,647.39,0,20.37,1.309,2.637,
META,Technology,2026-02-09,60.2,,38.1,677.22,654.86,0,17.36,1.309,2.637,
META,Technology,2026-02-10,60.2,,38.5,670.72,638.18,0,17.79,1.309,2.637,
META,Technology,2026-02-11,60.2,,37.5,668.69,613.71,0,17.65,1.309,2.637,
META,Technology,2026-02-12,60.2,,35.3,649.81,627.45,0,20.82,1.309,2.637,
META,Technology,2026-02-13,60.2,,35.1,639.77,627.45,0,20.6,1.309,2.637,
META,Technology,2026-02-17,60.2,,38.9,639.29,606.7,0,20.29,1.309,2.637,
META,Technology,2026-02-18,60.2,,39.6,643.22,593.66,0,19.62,1.309,2.637,
META,Technology,2026-02-19,60.2,,40.9,644.78,604.06,0,20.23,1.309,2.637,
META,Technology,2026-02-20,60.2,,41.0,655.66,604.06,0,19.09,1.309,2.637,
META,Technology,2026-02-23,60.2,,41.0,637.25,594.89,0,21.01,1.309,2.637,
META,Technology,2026-02-24,60.2,,41.8,639.3,547.54,0,19.55,1.309,2.637,
META,Technology,2026-02-25,60.2,,42.1,653.69,525.72,0,17.93,1.309,2.637,
META,Technology,2026-02-26,60.2,,43.5,657.01,572.13,0,18.63,1.309,2.637,77.98
META,Technology,2026-02-27,60.2,,41.9,648.18,572.13,0,19.86,1.309,2.637,73.47
META,Technology,2026-03-02,60.2,,45.3,653.56,579.23,0,21.44,1.309,2.637,74.44
META,Technology,2026-03-03,60.2,,45.4,655.08,574.46,0,23.57,1.309,2.637,74.72
META,Technology,2026-03-04,60.2,,47.1,667.73,573.02,0,21.15,1.309,2.637,76.99
META,Technology,2026-03-05,60.2,,45.0,660.57,573.02,0,23.75,1.309,2.637,73.0
META,Technology,2026-03-06,60.2,59.7,40.7,644.86,573.02,0,29.49,1.309,2.637,65.03
META,Technology,2026-03-09,60.2,59.0,39.8,647.39,612.42,0,25.5,1.309,2.637,65.68
META,Technology,2026-03-10,60.2,63.8,39.8,654.07,628.39,0,24.93,1.309,2.637,67.4
META,Technology,2026-03-11,60.2,65.1,39.7,654.86,629.86,0,24.23,1.309,2.637,67.61
META,Technology,2026-03-12,60.2,51.2,36.1,638.18,634.53,0,27.29,1.309,2.637,59.08
META,Technology,2026-03-13,60.2,34.8,34.3,613.71,634.53,1,27.19,1.309,2.637,49.26
NVDA,Semiconductors,2026-02-06,77.1,,24.8,185.41,182.65,0,20.37,2.335,0.4157,
NVDA,Semiconductors,2026-02-09,77.1,,34.7,190.04,186.03,0,17.36,2.335,0.4157,
NVDA,Semiconductors,2026-02-10,77.1,,42.3,188.54,183.14,0,17.79,2.335,0.4157,
NVDA,Semiconductors,2026-02-11,77.1,,48.3,190.05,180.25,0,17.65,2.335,0.4157,
NVDA,Semiconductors,2026-02-12,77.1,,53.1,186.94,183.22,0,20.82,2.335,0.4157,
NVDA,Semiconductors,2026-02-13,77.1,,54.7,182.81,183.22,1,20.6,2.335,0.4157,
NVDA,Semiconductors,2026-02-17,77.1,,52.4,184.97,178.56,0,20.29,2.335,0.4157,
NVDA,Semiconductors,2026-02-18,77.1,,52.1,187.98,172.93,0,19.62,2.335,0.4157,
NVDA,Semiconductors,2026-02-19,77.1,,51.0,187.9,175.64,0,20.23,2.335,0.4157,
NVDA,Semiconductors,2026-02-20,77.1,,48.4,189.82,175.64,0,19.09,2.335,0.4157,
NVDA,Semiconductors,2026-02-23,77.1,,51.6,191.55,178.68,0,21.01,2.335,0.4157,
NVDA,Semiconductors,2026-02-24,77.1,,50.8,192.85,171.24,0,19.55,2.335,0.4157,
NVDA,Semiconductors,2026-02-25,77.1,,54.8,195.56,167.52,0,17.93,2.335,0.4157,
NVDA,Semiconductors,2026-02-26,77.1,,48.2,184.89,174.4,0,18.63,2.335,0.4157,70.8
NVDA,Semiconductors,2026-02-27,77.1,,49.3,177.19,174.4,0,19.86,2.335,0.4157,61.11
NVDA,Semiconductors,2026-03-02,77.1,,47.5,182.48,175.75,0,21.44,2.335,0.4157,64.69
NVDA,Semiconductors,2026-03-03,77.1,,47.6,180.05,177.39,0,23.57,2.335,0.4157,61.87
NVDA,Semiconductors,2026-03-04,77.1,,49.1,183.04,177.64,0,21.15,2.335,0.4157,63.95
NVDA,Semiconductors,2026-03-05,77.1,,47.7,183.34,177.64,0,23.75,2.335,0.4157,64.16
NVDA,Semiconductors,2026-03-06,77.1,33.3,53.0,177.82,177.64,0,29.49,2.335,0.4157,57.49
NVDA,Semiconductors,2026-03-09,77.1,40.6,50.5,182.65,182.08,0,25.5,2.335,0.4157,61.28
NVDA,Semiconductors,2026-03-10,77.1,48.0,54.0,184.77,183.91,0,24.93,2.335,0.4157,62.85
NVDA,Semiconductors,2026-03-11,77.1,55.9,56.2,186.03,188.63,1,24.23,2.335,0.4157,63.79
NVDA,Semiconductors,2026-03-12,77.1,50.1,50.9,183.14,189.31,1,27.29,2.335,0.4157,60.04
NVDA,Semiconductors,2026-03-13,77.1,41.0,51.8,180.25,189.31,1,27.19,2.335,0.4157,56.47
AMD,Semiconductors,2026-02-06,64.8,,42.2,208.44,202.68,0,20.37,1.963,0.4458,
AMD,Semiconductors,2026-02-09,64.8,,55.2,216.0,204.83,0,17.36,1.963,0.4458,
AMD,Semiconductors,2026-02-10,64.8,,56.8,213.57,197.74,0,17.79,1.963,0.4458,
AMD,Semiconductors,2026-02-11,64.8,,58.4,213.58,193.39,0,17.65,1.963,0.4458,
AMD,Semiconductors,2026-02-12,64.8,,58.3,205.94,196.58,0,20.82,1.963,0.4458,
AMD,Semiconductors,2026-02-13,64.8,,59.3,207.32,196.58,0,20.6,1.963,0.4458,
AMD,Semiconductors,2026-02-17,64.8,,58.3,203.08,205.27,1,20.29,1.963,0.4458,
AMD,Semiconductors,2026-02-18,64.8,,58.0,200.12,201.33,1,19.62,1.963,0.4458,
AMD,Semiconductors,2026-02-19,64.8,,58.5,203.37,202.68,0,20.23,1.963,0.4458,
AMD,Semiconductors,2026-02-20,64.8,,58.8,200.15,202.68,1,19.09,1.963,0.4458,
AMD,Semiconductors,2026-02-23,64.8,,55.5,196.6,220.27,1,21.01,1.963,0.4458,
AMD,Semiconductors,2026-02-24,64.8,,55.0,213.84,203.77,0,19.55,1.963,0.4458,
AMD,Semiconductors,2026-02-25,64.8,,57.4,210.86,201.99,0,17.93,1.963,0.4458,
AMD,Semiconductors,2026-02-26,64.8,,57.0,203.68,203.43,0,18.63,1.963,0.4458,71.38
AMD,Semiconductors,2026-02-27,64.8,,56.1,200.21,203.43,1,19.86,1.963,0.4458,68.41
AMD,Semiconductors,2026-03-02,64.8,,60.2,198.62,210.21,1,21.44,1.963,0.4458,67.03
AMD,Semiconductors,2026-03-03,64.8,,62.6,190.95,217.5,1,23.57,1.963,0.4458,60.68
AMD,Semiconductors,2026-03-04,64.8,,63.2,202.07,220.18,1,21.15,1.963,0.4458,65.75
AMD,Semiconductors,2026-03-05,64.8,,62.4,199.45,220.18,1,23.75,1.963,0.4458,63.67
AMD,Semiconductors,2026-03-06,64.8,31.8,61.5,192.43,220.18,1,29.49,1.963,0.4458,58.34
AMD,Semiconductors,2026-03-09,64.8,46.4,60.8,202.68,231.82,1,25.5,1.963,0.4458,63.18
AMD,Semiconductors,2026-03-10,64.8,54.0,61.8,203.23,236.64,1,24.93,1.963,0.4458,63.43
AMD,Semiconductors,2026-03-11,64.8,62.4,59.5,204.83,245.04,1,24.23,1.963,0.4458,64.18
AMD,Semiconductors,2026-03-12,64.8,47.7,60.2,197.74,246.83,1,27.29,1.963,0.4458,58.46
AMD,Semiconductors,2026-03-13,64.8,37.0,58.4,193.39,246.83,1,27.19,1.963,0.4458,55.21
INTC,Semiconductors,2026-02-06,22.0,,41.1,50.59,45.58,0,20.37,1.349,,
INTC,Semiconductors,2026-02-09,22.0,,51.5,50.24,47.98,0,17.36,1.349,,
INTC,Semiconductors,2026-02-10,22.0,,50.3,47.13,45.25,0,17.79,1.349,,
INTC,Semiconductors,2026-02-11,22.0,,50.7,48.29,45.77,0,17.65,1.349,,
INTC,Semiconductors,2026-02-12,22.0,,51.8,46.48,45.76,0,20.82,1.349,,
INTC,Semiconductors,2026-02-13,22.0,,53.4,46.79,45.76,0,20.6,1.349,,
INTC,Semiconductors,2026-02-17,22.0,,42.4,46.18,46.18,0,20.29,1.349,,
INTC,Semiconductors,2026-02-18,22.0,,43.8,45.46,43.87,0,19.62,1.349,,
INTC,Semiconductors,2026-02-19,22.0,,42.4,44.62,44.01,0,20.23,1.349,,
INTC,Semiconductors,2026-02-20,22.0,,36.0,44.11,44.01,0,19.09,1.349,,
INTC,Semiconductors,2026-02-23,22.0,,33.7,43.63,47.18,1,21.01,1.349,,
INTC,Semiconductors,2026-02-24,22.0,,37.7,46.12,44.1,0,19.55,1.349,,
INTC,Semiconductors,2026-02-25,22.0,,42.6,46.88,43.13,0,17.93,1.349,,
INTC,Semiconductors,2026-02-26,22.0,,40.1,45.46,44.13,0,18.63,1.349,,31.15
INTC,Semiconductors,2026-02-27,22.0,,40.1,45.61,44.13,0,19.86,1.349,,32.1
INTC,Semiconductors,2026-03-02,22.0,,38.8,45.5,48.03,1,21.44,1.349,,31.75
INTC,Semiconductors,2026-03-03,22.0,,39.5,43.1,50.38,1,23.57,1.349,,25.31
INTC,Semiconductors,2026-03-04,22.0,,39.5,45.58,50.78,1,21.15,1.349,,39.07
INTC,Semiconductors,2026-03-05,22.0,,32.5,45.95,50.78,1,23.75,1.349,,40.82
INTC,Semiconductors,2026-03-06,22.0,23.1,31.7,43.42,50.78,1,29.49,1.349,,33.69
INTC,Semiconductors,2026-03-09,22.0,39.9,35.7,45.58,58.95,1,25.5,1.349,,42.87
INTC,Semiconductors,2026-03-10,22.0,58.5,39.9,46.78,61.72,1,24.93,1.349,,47.24
INTC,Semiconductors,2026-03-11,22.0,66.4,44.9,47.98,62.38,1,24.23,1.349,,51.25
INTC,Semiconductors,2026-03-12,22.0,46.1,41.3,45.25,65.18,1,27.29,1.349,,43.2
INTC,Semiconductors,2026-03-13,22.0,51.4,45.7,45.77,65.18,1,27.19,1.349,,44.97
TSM,Semiconductors,2026-02-06,70.8,,62.8,348.85,348.7,0,20.37,1.251,1.0469,
TSM,Semiconductors,2026-02-09,70.8,,61.9,355.41,354.56,0,17.36,1.251,1.0469,
TSM,Semiconductors,2026-02-10,70.8,,61.6,361.91,336.71,0,17.79,1.251,1.0469,
TSM,Semiconductors,2026-02-11,70.8,,66.9,374.09,338.31,0,17.65,1.251,1.0469,
TSM,Semiconductors,2026-02-12,70.8,,66.7,368.1,340.23,0,20.82,1.251,1.0469,
TSM,Semiconductors,2026-02-13,70.8,,67.4,366.36,340.23,0,20.6,1.251,1.0469,
TSM,Semiconductors,2026-02-17,70.8,,67.4,364.2,338.79,0,20.29,1.251,1.0469,
TSM,Semiconductors,2026-02-18,70.8,,66.3,362.26,329.24,0,19.62,1.251,1.0469,
TSM,Semiconductors,2026-02-19,70.8,,62.9,360.39,338.45,0,20.23,1.251,1.0469,
TSM,Semiconductors,2026-02-20,70.8,,61.0,370.54,338.45,0,19.09,1.251,1.0469,
TSM,Semiconductors,2026-02-23,70.8,,61.6,370.04,347.75,0,21.01,1.251,1.0469,
TSM,Semiconductors,2026-02-24,70.8,,65.2,385.75,326.11,0,19.55,1.251,1.0469,
TSM,Semiconductors,2026-02-25,70.8,,70.1,387.73,326.74,0,17.93,1.251,1.0469,
TSM,Semiconductors,2026-02-26,70.8,,69.3,376.81,337.95,0,18.63,1.251,1.0469,78.34
TSM,Semiconductors,2026-02-27,70.8,,68.2,374.58,337.95,0,19.86,1.251,1.0469,76.27
TSM,Semiconductors,2026-03-02,70.8,,65.0,369.11,341.49,0,21.44,1.251,1.0469,71.3
TSM,Semiconductors,2026-03-03,70.8,,58.1,353.13,339.04,0,23.57,1.251,1.0469,59.16
TSM,Semiconductors,2026-03-04,70.8,,56.7,357.44,341.76,0,21.15,1.251,1.0469,61.08
TSM,Semiconductors,2026-03-05,70.8,,52.1,353.86,341.76,0,23.75,1.251,1.0469,58.61
TSM,Semiconductors,2026-03-06,70.8,25.9,54.3,338.89,341.76,1,29.49,1.251,1.0469,49.58
TSM,Semiconductors,2026-03-09,70.8,31.2,42.7,348.7,365.9,1,25.5,1.251,1.0469,54.53
TSM,Semiconductors,2026-03-10,70.8,29.1,45.5,347.09,365.49,1,24.93,1.251,1.0469,53.6
TSM,Semiconductors,2026-03-11,70.8,35.4,52.3,354.56,370.6,1,24.23,1.251,1.0469,57.24
TSM,Semiconductors,2026-03-12,70.8,22.7,47.4,336.71,369.57,1,27.29,1.251,1.0469,47.62
TSM,Semiconductors,2026-03-13,70.8,23.3,46.3,338.31,369.57,1,27.19,1.251,1.0469,48.46
ASML.AS,Semiconductor Equipment,2026-02-09,52.9,,48.8,1186.2,1177.8,0,17.36,1.382,7.224,
ASML.AS,Semiconductor Equipment,2026-02-10,52.9,,53.4,1209.2,1194.2,0,17.79,1.382,7.224,
ASML.AS,Semiconductor Equipment,2026-02-11,52.9,,62.8,1184.2,1179.6,0,17.65,1.382,7.224,
ASML.AS,Semiconductor Equipment,2026-02-12,52.9,,62.8,1209.8,1175.6,0,20.82,1.382,7.224,
ASML.AS,Semiconductor Equipment,2026-02-13,52.9,,57.1,1190.4,1175.6,0,20.6,1.382,7.224,
ASML.AS,Semiconductor Equipment,2026-02-16,52.9,,59.4,1195.6,1218.2,1,20.6,1.382,7.224,
ASML.AS,Semiconductor Equipment,2026-02-17,52.9,,63.4,1179.0,1148.8,0,20.29,1.382,7.224,
ASML.AS,Semiconductor Equipment,2026-02-18,52.9,,67.7,1213.8,1128.2,0,19.62,1.382,7.224,
ASML.AS,Semiconductor Equipment,2026-02-19,52.9,,57.9,1231.4,1109.8,0,20.23,1.382,7.224,
ASML.AS,Semiconductor Equipment,2026-02-20,52.9,,55.8,1255.6,1109.8,0,19.09,1.382,7.224,
ASML.AS,Semiconductor Equipment,2026-02-23,52.9,,50.7,1227.8,1226.8,0,21.01,1.382,7.224,
ASML.AS,Semiconductor Equipment,2026-02-24,52.9,,46.4,1259.6,1169.2,0,19.55,1.382,7.224,
ASML.AS,Semiconductor Equipment,2026-02-25,52.9,,46.2,1280.2,1146.4,0,17.93,1.382,7.224,56.85
ASML.AS,Semiconductor Equipment,2026-02-26,52.9,,36.0,1300.0,1142.4,0,18.63,1.382,7.224,60.45
ASML.AS,Semiconductor Equipment,2026-02-27,52.9,,43.5,1233.4,1142.4,0,19.86,1.382,7.224,46.41
ASML.AS,Semiconductor Equipment,2026-03-02,52.9,,58.2,1200.0,1149.4,0,21.44,1.382,7.224,41.24
ASML.AS,Semiconductor Equipment,2026-03-03,52.9,,47.5,1163.6,1161.0,0,23.57,1.382,7.224,36.47
ASML.AS,Semiconductor Equipment,2026-03-04,52.9,,55.8,1181.2,1137.2,0,21.15,1.382,7.224,40.08
ASML.AS,Semiconductor Equipment,2026-03-05,52.9,32.0,46.4,1203.4,1137.2,0,23.75,1.382,7.224,44.37
ASML.AS,Semiconductor Equipment,2026-03-06,52.9,21.2,51.7,1147.0,1137.2,0,29.49,1.382,7.224,37.1
ASML.AS,Semiconductor Equipment,2026-03-09,52.9,14.4,50.1,1106.0,1202.0,1,25.5,1.382,7.224,32.88
ASML.AS,Semiconductor Equipment,2026-03-10,52.9,31.2,51.9,1202.0,1204.0,1,24.93,1.382,7.224,47.84
ASML.AS,Semiconductor Equipment,2026-03-11,52.9,24.2,54.3,1177.8,1270.0,1,24.23,1.382,7.224,45.11
ASML.AS,Semiconductor Equipment,2026-03-12,52.9,31.2,52.2,1194.2,1252.2,1,27.29,1.382,7.224,47.3
ASML.AS,Semiconductor Equipment,2026-03-13,52.9,30.3,61.0,1179.6,1252.2,1,27.19,1.382,7.224,45.56
005930.KS,Technology,2026-02-09,76.7,,61.7,166400.0,190000.0,1,17.36,1.211,0.0443,
005930.KS,Technology,2026-02-10,76.7,,58.7,165800.0,187900.0,1,17.79,1.211,0.0443,
005930.KS,Technology,2026-02-11,76.7,,63.0,167800.0,183500.0,1,17.65,1.211,0.0443,
005930.KS,Technology,2026-02-12,76.7,,49.0,178600.0,188700.0,1,20.82,1.211,0.0443,
005930.KS,Technology,2026-02-13,76.7,,47.8,181200.0,188700.0,1,20.6,1.211,0.0443,
005930.KS,Technology,2026-02-19,76.7,,42.3,190000.0,186300.0,0,20.23,1.211,0.0443,
005930.KS,Technology,2026-02-20,76.7,,49.2,190100.0,186300.0,0,19.09,1.211,0.0443,
005930.KS,Technology,2026-02-23,76.7,,45.8,193000.0,189000.0,0,21.01,1.211,0.0443,
005930.KS,Technology,2026-02-24,76.7,,53.2,200000.0,180100.0,0,19.55,1.211,0.0443,
005930.KS,Technology,2026-02-25,76.7,,62.3,203500.0,180100.0,0,17.93,1.211,0.0443,
005930.KS,Technology,2026-02-26,76.7,,58.5,218000.0,176300.0,0,18.63,1.211,0.0443,
005930.KS,Technology,2026-02-27,76.7,,57.8,216500.0,176300.0,0,19.86,1.211,0.0443,
005930.KS,Technology,2026-03-03,76.7,,53.3,195100.0,178400.0,0,23.57,1.211,0.0443,77.76
005930.KS,Technology,2026-03-04,76.7,,46.4,172200.0,186200.0,1,21.15,1.211,0.0443,62.82
005930.KS,Technology,2026-03-05,76.7,,46.7,191600.0,193100.0,1,23.75,1.211,0.0443,68.36
005930.KS,Technology,2026-03-06,76.7,,48.3,188200.0,193100.0,1,29.49,1.211,0.0443,66.49
005930.KS,Technology,2026-03-09,76.7,,53.9,173500.0,210500.0,1,25.5,1.211,0.0443,58.97
005930.KS,Technology,2026-03-10,76.7,,56.6,187900.0,204000.0,1,24.93,1.211,0.0443,63.35
005930.KS,Technology,2026-03-11,76.7,44.6,59.9,190000.0,206000.0,1,24.23,1.211,0.0443,63.95
005930.KS,Technology,2026-03-12,76.7,39.1,57.4,187900.0,201000.0,1,27.29,1.211,0.0443,62.84
005930.KS,Technology,2026-03-13,76.7,30.8,56.8,183500.0,201000.0,1,27.19,1.211,0.0443,60.46
ORCL,Enterprise Software,2026-02-06,53.2,,43.8,142.82,151.56,1,20.37,1.597,1.2031,
ORCL,Enterprise Software,2026-02-09,53.2,,44.3,156.59,163.12,1,17.36,1.597,1.2031,
ORCL,Enterprise Software,2026-02-10,53.2,,43.2,159.89,159.16,0,17.79,1.597,1.2031,
ORCL,Enterprise Software,2026-02-11,53.2,,47.8,157.16,155.11,0,17.65,1.597,1.2031,
ORCL,Enterprise Software,2026-02-12,53.2,,45.6,156.48,155.97,0,20.82,1.597,1.2031,
ORCL,Enterprise Software,2026-02-13,53.2,,42.4,160.14,155.97,0,20.6,1.597,1.2031,
ORCL,Enterprise Software,2026-02-17,53.2,,40.6,153.97,155.52,1,20.29,1.597,1.2031,
ORCL,Enterprise Software,2026-02-18,53.2,,40.2,156.17,149.68,0,19.62,1.597,1.2031,
ORCL,Enterprise Software,2026-02-19,53.2,,40.1,156.54,154.34,0,20.23,1.597,1.2031,
ORCL,Enterprise Software,2026-02-20,53.2,,37.6,148.08,154.34,1,19.09,1.597,1.2031,
ORCL,Enterprise Software,2026-02-23,53.2,,32.4,141.31,146.02,1,21.01,1.597,1.2031,
ORCL,Enterprise Software,2026-02-24,53.2,,30.0,146.14,142.81,0,19.55,1.597,1.2031,
ORCL,Enterprise Software,2026-02-25,53.2,,33.5,147.89,139.66,0,17.93,1.597,1.2031,
ORCL,Enterprise Software,2026-02-26,53.2,,35.6,150.31,147.11,0,18.63,1.597,1.2031,84.46
ORCL,Enterprise Software,2026-02-27,53.2,,34.4,145.4,147.11,1,19.86,1.597,1.2031,80.57
ORCL,Enterprise Software,2026-03-02,53.2,,42.8,149.25,145.23,0,21.44,1.597,1.2031,81.3
ORCL,Enterprise Software,2026-03-03,53.2,,42.7,149.01,146.38,0,23.57,1.597,1.2031,81.1
ORCL,Enterprise Software,2026-03-04,53.2,,44.8,152.37,145.54,0,21.15,1.597,1.2031,81.78
ORCL,Enterprise Software,2026-03-05,53.2,,37.6,154.79,145.54,0,23.75,1.597,1.2031,82.28
ORCL,Enterprise Software,2026-03-06,53.2,58.5,34.9,152.96,145.54,0,29.49,1.597,1.2031,80.49
ORCL,Enterprise Software,2026-03-09,53.2,54.1,33.1,151.56,143.66,0,25.5,1.597,1.2031,79.06
ORCL,Enterprise Software,2026-03-10,53.2,50.5,35.4,149.4,137.86,0,24.93,1.597,1.2031,76.8
ORCL,Enterprise Software,2026-03-11,53.2,74.5,44.7,163.12,138.09,0,24.23,1.597,1.2031,80.59
ORCL,Enterprise Software,2026-03-12,53.2,72.0,45.4,159.16,155.62,0,27.29,1.597,1.2031,76.7
ORCL,Enterprise Software,2026-03-13,53.2,68.1,50.4,155.11,155.62,1,27.19,1.597,1.2031,72.82
ADBE,Software,2026-02-06,67.3,,19.0,268.38,282.44,1,20.37,1.518,1.2637,
ADBE,Software,2026-02-09,67.3,,30.6,266.9,273.71,1,17.36,1.518,1.2637,
ADBE,Software,2026-02-10,67.3,,31.5,264.67,269.78,1,17.79,1.518,1.2637,
ADBE,Software,2026-02-11,67.3,,31.4,257.16,249.32,0,17.65,1.518,1.2637,
ADBE,Software,2026-02-12,67.3,,32.4,262.5,251.86,0,20.82,1.518,1.2637,
ADBE,Software,2026-02-13,67.3,,35.6,263.97,251.86,0,20.6,1.518,1.2637,
ADBE,Software,2026-02-17,67.3,,41.9,260.45,245.99,0,20.29,1.518,1.2637,
ADBE,Software,2026-02-18,67.3,,43.1,263.17,248.15,0,19.62,1.518,1.2637,
ADBE,Software,2026-02-19,67.3,,47.0,259.21,247.64,0,20.23,1.518,1.2637,
ADBE,Software,2026-02-20,67.3,,48.7,258.61,247.64,0,19.09,1.518,1.2637,
ADBE,Software,2026-02-23,67.3,,51.3,246.68,237.25,0,21.01,1.518,1.2637,
ADBE,Software,2026-02-24,67.3,,45.8,255.17,240.88,0,19.55,1.518,1.2637,
ADBE,Software,2026-02-25,67.3,,44.9,257.81,234.84,0,17.93,1.518,1.2637,
ADBE,Software,2026-02-26,67.3,,48.8,259.04,243.08,0,18.63,1.518,1.2637,36.87
ADBE,Software,2026-02-27,67.3,,50.5,262.41,243.08,0,19.86,1.518,1.2637,41.66
ADBE,Software,2026-03-02,67.3,,49.4,260.88,241.37,0,21.44,1.518,1.2637,40.17
ADBE,Software,2026-03-03,67.3,,51.2,270.99,242.92,0,23.57,1.518,1.2637,52.31
ADBE,Software,2026-03-04,67.3,,55.9,273.12,244.36,0,21.15,1.518,1.2637,54.41
ADBE,Software,2026-03-05,67.3,,59.3,281.74,244.36,0,23.75,1.518,1.2637,61.74
ADBE,Software,2026-03-06,67.3,80.0,52.1,283.62,244.36,0,29.49,1.518,1.2637,63.14
ADBE,Software,2026-03-09,67.3,79.0,42.4,282.44,239.31,0,25.5,1.518,1.2637,61.62
ADBE,Software,2026-03-10,67.3,71.5,34.7,275.13,229.94,0,24.93,1.518,1.2637,53.11
ADBE,Software,2026-03-11,67.3,68.6,33.7,273.71,225.35,0,24.23,1.518,1.2637,51.62
ADBE,Software,2026-03-12,67.3,59.6,30.8,269.78,240.11,0,27.29,1.518,1.2637,47.63
ADBE,Software,2026-03-13,67.3,22.6,26.7,249.32,240.11,0,27.19,1.518,1.2637,33.23
CRM,Enterprise Software,2026-02-06,58.5,,54.0,191.35,198.79,1,20.37,1.288,1.2441,
CRM,Enterprise Software,2026-02-09,58.5,,45.1,194.03,194.13,1,17.36,1.288,1.2441,
CRM,Enterprise Software,2026-02-10,58.5,,50.4,193.45,199.28,1,17.79,1.288,1.2441,
CRM,Enterprise Software,2026-02-11,58.5,,51.4,185.0,192.83,1,17.65,1.288,1.2441,
CRM,Enterprise Software,2026-02-12,58.5,,50.5,185.43,198.34,1,20.82,1.288,1.2441,
CRM,Enterprise Software,2026-02-13,58.5,,50.2,189.72,198.34,1,20.6,1.288,1.2441,
CRM,Enterprise Software,2026-02-17,58.5,,56.4,184.29,194.99,1,20.29,1.288,1.2441,
CRM,Enterprise Software,2026-02-18,58.5,,60.5,187.79,195.38,1,19.62,1.288,1.2441,
CRM,Enterprise Software,2026-02-19,58.5,,60.7,185.29,195.18,1,20.23,1.288,1.2441,
CRM,Enterprise Software,2026-02-20,58.5,,60.8,185.16,195.18,1,19.09,1.288,1.2441,
CRM,Enterprise Software,2026-02-23,58.5,,59.1,178.16,181.96,1,21.01,1.288,1.2441,
CRM,Enterprise Software,2026-02-24,58.5,,54.6,185.42,185.64,1,19.55,1.288,1.2441,
CRM,Enterprise Software,2026-02-25,58.5,,52.6,191.75,179.31,0,17.93,1.288,1.2441,
CRM,Enterprise Software,2026-02-26,58.5,,45.4,199.47,186.67,0,18.63,1.288,1.2441,72.86
CRM,Enterprise Software,2026-02-27,58.5,,42.8,194.79,186.67,0,19.86,1.288,1.2441,66.75
CRM,Enterprise Software,2026-03-02,58.5,,39.3,192.95,186.24,0,21.44,1.288,1.2441,64.46
CRM,Enterprise Software,2026-03-03,58.5,,42.0,196.05,187.18,0,23.57,1.288,1.2441,66.54
CRM,Enterprise Software,2026-03-04,58.5,,43.3,193.08,185.03,0,21.15,1.288,1.2441,62.75
CRM,Enterprise Software,2026-03-05,58.5,,42.0,201.39,185.03,0,23.75,1.288,1.2441,68.21
CRM,Enterprise Software,2026-03-06,58.5,78.1,47.4,202.11,185.03,0,29.49,1.288,1.2441,68.64
CRM,Enterprise Software,2026-03-09,58.5,75.8,56.1,198.79,176.37,0,25.5,1.288,1.2441,64.33
CRM,Enterprise Software,2026-03-10,58.5,69.1,50.8,194.91,170.85,0,24.93,1.288,1.2441,59.62
CRM,Enterprise Software,2026-03-11,58.5,64.6,48.5,194.13,164.96,0,24.23,1.288,1.2441,58.69
CRM,Enterprise Software,2026-03-12,58.5,73.8,49.7,199.28,172.82,0,27.29,1.288,1.2441,62.81
CRM,Enterprise Software,2026-03-13,58.5,54.0,51.0,192.83,172.82,0,27.19,1.288,1.2441,55.35
IBM,Technology,2026-02-06,63.5,,81.0,298.93,253.33,0,20.37,0.685,0.2404,
IBM,Technology,2026-02-09,63.5,,66.1,296.34,248.87,0,17.36,0.685,0.2404,
IBM,Technology,2026-02-10,63.5,,65.2,291.76,247.68,0,17.79,0.685,0.2404,
IBM,Technology,2026-02-11,63.5,,64.0,272.81,246.28,0,17.65,0.685,0.2404,
IBM,Technology,2026-02-12,63.5,,62.5,259.52,249.25,0,20.82,0.685,0.2404,
IBM,Technology,2026-02-13,63.5,,62.2,262.38,249.25,0,20.6,0.685,0.2404,
IBM,Technology,2026-02-17,63.5,,63.8,258.31,250.37,0,20.29,0.685,0.2404,
IBM,Technology,2026-02-18,63.5,,61.4,260.79,241.77,0,19.62,0.685,0.2404,
IBM,Technology,2026-02-19,63.5,,62.6,256.28,248.44,0,20.23,0.685,0.2404,
IBM,Technology,2026-02-20,63.5,,64.8,257.16,248.44,0,19.09,0.685,0.2404,
IBM,Technology,2026-02-23,63.5,,55.7,223.35,241.39,1,21.01,0.685,0.2404,
IBM,Technology,2026-02-24,63.5,,39.9,229.32,241.67,1,19.55,0.685,0.2404,
IBM,Technology,2026-02-25,63.5,,41.0,237.54,236.34,0,17.93,0.685,0.2404,
IBM,Technology,2026-02-26,63.5,,43.4,242.01,242.39,1,18.63,0.685,0.2404,24.38
IBM,Technology,2026-02-27,63.5,,43.6,240.21,242.39,1,19.86,0.685,0.2404,23.84
IBM,Technology,2026-03-02,63.5,,42.7,239.37,243.14,1,21.44,0.685,0.2404,23.58
IBM,Technology,2026-03-03,63.5,,47.3,245.28,248.16,1,23.57,0.685,0.2404,29.41
IBM,Technology,2026-03-04,63.5,,62.9,250.06,246.74,0,21.15,0.685,0.2404,33.81
IBM,Technology,2026-03-05,63.5,,66.1,256.55,246.74,0,23.75,0.685,0.2404,39.34
IBM,Technology,2026-03-06,63.5,57.4,67.0,258.85,246.74,0,29.49,0.685,0.2404,41.21
IBM,Technology,2026-03-09,63.5,51.3,61.7,253.33,241.74,0,25.5,0.685,0.2404,38.16
IBM,Technology,2026-03-10,63.5,48.9,59.9,250.2,237.18,0,24.93,0.685,0.2404,36.51
IBM,Technology,2026-03-11,63.5,49.4,56.4,248.87,230.76,0,24.23,0.685,0.2404,35.81
IBM,Technology,2026-03-12,63.5,48.9,55.9,247.68,237.82,0,27.29,0.685,0.2404,35.15
IBM,Technology,2026-03-13,63.5,47.0,49.7,246.28,237.82,0,27.19,0.685,0.2404,34.35
TCS.NS,IT Services,2026-02-06,75.7,,51.2,2941.6,2527.4,0,20.37,0.272,1.4903,
TCS.NS,IT Services,2026-02-09,75.7,,76.0,2948.2,2462.1,0,17.36,0.272,1.4903,
TCS.NS,IT Services,2026-02-10,75.7,,81.0,2984.6,2446.3,0,17.79,0.272,1.4903,
TCS.NS,IT Services,2026-02-11,75.7,,83.2,2909.8,2410.5,0,17.65,0.272,1.4903,
TCS.NS,IT Services,2026-02-12,75.7,,76.6,2750.1,2409.2,0,20.82,0.272,1.4903,
TCS.NS,IT Services,2026-02-13,75.7,,72.0,2692.2,2409.2,0,20.6,0.272,1.4903,
TCS.NS,IT Services,2026-02-16,75.7,,58.0,2706.6,2440.8,0,20.6,0.272,1.4903,
TCS.NS,IT Services,2026-02-17,75.7,,53.8,2717.4,2362.8,0,20.29,0.272,1.4903,
TCS.NS,IT Services,2026-02-18,75.7,,50.0,2694.9,2390.6,0,19.62,0.272,1.4903,
TCS.NS,IT Services,2026-02-19,75.7,,46.7,2677.9,2383.8,0,20.23,0.272,1.4903,
TCS.NS,IT Services,2026-02-20,75.7,,50.1,2686.2,2383.8,0,19.09,0.272,1.4903,
TCS.NS,IT Services,2026-02-23,75.7,,81.0,2676.3,2377.4,0,21.01,0.272,1.4903,
TCS.NS,IT Services,2026-02-24,75.7,,74.0,2573.7,2389.8,0,19.55,0.272,1.4903,
TCS.NS,IT Services,2026-02-25,75.7,,71.7,2629.3,2389.8,0,17.93,0.272,1.4903,31.89
TCS.NS,IT Services,2026-02-26,75.7,,61.1,2647.7,2358.9,0,18.63,0.272,1.4903,35.0
TCS.NS,IT Services,2026-02-27,75.7,,60.0,2637.4,2358.9,0,19.86,0.272,1.4903,34.06
TCS.NS,IT Services,2026-03-02,75.7,,39.2,2613.5,2408.2,0,21.44,0.272,1.4903,31.92
TCS.NS,IT Services,2026-03-04,75.7,,38.5,2584.8,2473.9,0,21.15,0.272,1.4903,29.52
TCS.NS,IT Services,2026-03-05,75.7,,38.7,2575.0,2473.9,0,23.75,0.272,1.4903,28.73
TCS.NS,IT Services,2026-03-06,75.7,20.1,47.4,2557.6,2473.9,0,29.49,0.272,1.4903,27.32
TCS.NS,IT Services,2026-03-09,75.7,19.3,50.2,2527.4,2559.2,1,25.5,0.272,1.4903,25.03
TCS.NS,IT Services,2026-03-10,75.7,19.5,51.3,2516.4,2589.0,1,24.93,0.272,1.4903,24.24
TCS.NS,IT Services,2026-03-11,75.7,17.7,55.4,2462.1,2524.3,1,24.23,0.272,1.4903,20.73
TCS.NS,IT Services,2026-03-12,75.7,17.6,52.5,2446.3,2472.6,1,27.29,0.272,1.4903,19.83
TCS.NS,IT Services,2026-03-13,75.7,16.7,47.5,2410.5,2472.6,1,27.19,0.272,1.4903,17.94
INFY.NS,IT Services,2026-02-09,66.9,,67.5,1497.2,1275.8,0,17.36,0.198,,
INFY.NS,IT Services,2026-02-10,66.9,,69.1,1497.8,1266.7,0,17.79,0.198,,
INFY.NS,IT Services,2026-02-11,66.9,,68.2,1471.9,1248.3,0,17.65,0.198,,
INFY.NS,IT Services,2026-02-12,66.9,,57.0,1386.0,1249.8,0,20.82,0.198,,
INFY.NS,IT Services,2026-02-13,66.9,,56.1,1369.1,1249.8,0,20.6,0.198,,
INFY.NS,IT Services,2026-02-16,66.9,,39.5,1365.6,1267.1,0,20.6,0.198,,
INFY.NS,IT Services,2026-02-17,66.9,,39.7,1391.2,1226.0,0,20.29,0.198,,
INFY.NS,IT Services,2026-02-18,66.9,,41.0,1373.7,1255.9,0,19.62,0.198,,
INFY.NS,IT Services,2026-02-19,66.9,,45.2,1370.5,1256.8,0,20.23,0.198,,
INFY.NS,IT Services,2026-02-20,66.9,,52.3,1353.2,1256.8,0,19.09,0.198,,
INFY.NS,IT Services,2026-02-23,66.9,,80.1,1327.5,1279.1,0,21.01,0.198,,
INFY.NS,IT Services,2026-02-24,66.9,,71.3,1275.5,1269.7,0,19.55,0.198,,
INFY.NS,IT Services,2026-02-25,66.9,,70.0,1290.1,1269.7,0,17.93,0.198,,12.27
INFY.NS,IT Services,2026-02-26,66.9,,60.5,1289.1,1250.6,0,18.63,0.198,,12.22
INFY.NS,IT Services,2026-02-27,66.9,,52.3,1300.1,1250.6,0,19.86,0.198,,16.39
INFY.NS,IT Services,2026-03-02,66.9,,38.9,1288.9,1275.7,0,21.44,0.198,,15.58
INFY.NS,IT Services,2026-03-04,66.9,,45.8,1305.7,1306.2,1,21.15,0.198,,21.83
INFY.NS,IT Services,2026-03-05,66.9,,41.6,1305.0,1306.2,1,23.75,0.198,,21.75
INFY.NS,IT Services,2026-03-06,66.9,24.5,41.6,1308.4,1306.2,0,29.49,0.198,,23.09
INFY.NS,IT Services,2026-03-09,66.9,32.2,40.3,1315.0,1346.2,1,25.5,0.198,,25.73
INFY.NS,IT Services,2026-03-10,66.9,33.2,46.0,1296.3,1331.6,1,24.93,0.198,,23.29
INFY.NS,IT Services,2026-03-11,66.9,31.8,36.4,1275.8,1292.5,1,24.23,0.198,,20.94
INFY.NS,IT Services,2026-03-12,66.9,30.8,39.7,1266.7,1276.8,1,27.29,0.198,,19.98
INFY.NS,IT Services,2026-03-13,66.9,27.6,38.0,1248.3,1276.8,1,27.19,0.198,,18.16
WIPRO.NS,IT Services,2026-02-06,67.9,,45.8,230.72,198.75,0,20.37,0.383,,
WIPRO.NS,IT Services,2026-02-09,67.9,,66.0,230.08,201.83,0,17.36,0.383,,
WIPRO.NS,IT Services,2026-02-10,67.9,,76.4,231.47,202.2,0,17.79,0.383,,
WIPRO.NS,IT Services,2026-02-11,67.9,,78.7,229.81,197.58,0,17.65,0.383,,
WIPRO.NS,IT Services,2026-02-12,67.9,,61.4,219.08,195.11,0,20.82,0.383,,
WIPRO.NS,IT Services,2026-02-13,67.9,,61.0,214.09,195.11,0,20.6,0.383,,
WIPRO.NS,IT Services,2026-02-16,67.9,,60.9,213.26,194.3,0,20.6,0.383,,
WIPRO.NS,IT Services,2026-02-17,67.9,,62.5,215.69,188.87,0,20.29,0.383,,
WIPRO.NS,IT Services,2026-02-18,67.9,,57.5,211.95,190.9,0,19.62,0.383,,
WIPRO.NS,IT Services,2026-02-19,67.9,,51.9,211.21,187.54,0,20.23,0.383,,
WIPRO.NS,IT Services,2026-02-20,67.9,,63.0,209.86,187.54,0,19.09,0.383,,
WIPRO.NS,IT Services,2026-02-23,67.9,,68.5,205.89,189.05,0,21.01,0.383,,
WIPRO.NS,IT Services,2026-02-24,67.9,,51.8,200.14,191.6,0,19.55,0.383,,
WIPRO.NS,IT Services,2026-02-25,67.9,,50.8,201.92,191.6,0,17.93,0.383,,13.11
WIPRO.NS,IT Services,2026-02-26,67.9,,45.1,201.08,187.64,0,18.63,0.383,,12.72
WIPRO.NS,IT Services,2026-02-27,67.9,,46.6,200.96,187.64,0,19.86,0.383,,12.67
WIPRO.NS,IT Services,2026-03-02,67.9,,37.4,198.57,191.18,0,21.44,0.383,,11.56
WIPRO.NS,IT Services,2026-03-04,67.9,,39.3,195.11,197.29,1,21.15,0.383,,10.18
WIPRO.NS,IT Services,2026-03-05,67.9,,37.7,195.71,197.29,1,23.75,0.383,,12.14
WIPRO.NS,IT Services,2026-03-06,67.9,15.1,38.3,195.4,197.29,1,29.49,0.383,,12.0
WIPRO.NS,IT Services,2026-03-09,67.9,18.6,40.5,198.75,203.42,1,25.5,0.383,,22.8
WIPRO.NS,IT Services,2026-03-10,67.9,27.2,46.0,200.8,202.87,1,24.93,0.383,,28.58
WIPRO.NS,IT Services,2026-03-11,67.9,39.9,51.2,201.83,204.88,1,24.23,0.383,,31.36
WIPRO.NS,IT Services,2026-03-12,67.9,43.3,49.1,202.2,202.97,1,27.29,0.383,,32.38
WIPRO.NS,IT Services,2026-03-13,67.9,37.9,42.2,197.58,202.97,1,27.19,0.383,,27.0
JPM,Banking,2026-02-06,65.3,,34.3,322.4,289.92,0,20.37,1.043,,
JPM,Banking,2026-02-09,65.3,,54.7,322.1,287.52,0,17.36,1.043,,
JPM,Banking,2026-02-10,65.3,,54.8,318.28,282.89,0,17.79,1.043,,
JPM,Banking,2026-02-11,65.3,,52.6,310.82,283.44,0,17.65,1.043,,
JPM,Banking,2026-02-12,65.3,,46.7,302.64,286.16,0,20.82,1.043,,
JPM,Banking,2026-02-13,65.3,,47.9,302.55,286.16,0,20.6,1.043,,
JPM,Banking,2026-02-17,65.3,,43.9,307.13,287.97,0,20.29,1.043,,
JPM,Banking,2026-02-18,65.3,,44.1,308.78,286.56,0,19.62,1.043,,
JPM,Banking,2026-02-19,65.3,,43.7,308.05,289.91,0,20.23,1.043,,
JPM,Banking,2026-02-20,65.3,,45.9,310.79,289.91,0,19.09,1.043,,
JPM,Banking,2026-02-23,65.3,,36.1,297.67,295.42,0,21.01,1.043,,
JPM,Banking,2026-02-24,65.3,,35.2,297.3,291.66,0,19.55,1.043,,
JPM,Banking,2026-02-25,65.3,,42.1,303.3,282.84,0,17.93,1.043,,
JPM,Banking,2026-02-26,65.3,,43.1,306.13,294.16,0,18.63,1.043,,38.68
JPM,Banking,2026-02-27,65.3,,45.3,300.3,294.16,0,19.86,1.043,,33.04
JPM,Banking,2026-03-02,65.3,,52.7,297.56,295.38,0,21.44,1.043,,30.77
JPM,Banking,2026-03-03,65.3,,59.4,300.26,294.6,0,23.57,1.043,,35.47
JPM,Banking,2026-03-04,65.3,,58.1,299.39,295.45,0,21.15,1.043,,34.66
JPM,Banking,2026-03-05,65.3,,54.4,293.55,295.45,1,23.75,1.043,,29.71
JPM,Banking,2026-03-06,65.3,20.4,53.5,289.48,295.45,1,29.49,1.043,,26.83
JPM,Banking,2026-03-09,65.3,19.9,51.0,289.92,307.97,1,25.5,1.043,,27.65
JPM,Banking,2026-03-10,65.3,19.6,50.9,288.73,310.33,1,24.93,1.043,,26.78
JPM,Banking,2026-03-11,65.3,19.3,47.9,287.52,309.87,1,24.23,1.043,,25.89
JPM,Banking,2026-03-12,65.3,17.0,47.4,282.89,313.68,1,27.29,1.043,,22.76
JPM,Banking,2026-03-13,65.3,18.5,45.2,283.44,313.68,1,27.19,1.043,,23.94
BAC,Banking,2026-02-06,73.5,,29.6,56.53,47.9,0,20.37,1.237,0.6628,
BAC,Banking,2026-02-09,73.5,,48.9,56.41,48.52,0,17.36,1.237,0.6628,
BAC,Banking,2026-02-10,73.5,,51.9,55.39,47.13,0,17.79,1.237,0.6628,
BAC,Banking,2026-02-11,73.5,,50.9,53.85,46.72,0,17.65,1.237,0.6628,
BAC,Banking,2026-02-12,73.5,,52.8,52.52,47.06,0,20.82,1.237,0.6628,
BAC,Banking,2026-02-13,73.5,,47.9,52.55,47.06,0,20.6,1.237,0.6628,
BAC,Banking,2026-02-17,73.5,,38.2,52.74,47.01,0,20.29,1.237,0.6628,
BAC,Banking,2026-02-18,73.5,,36.1,53.36,47.16,0,19.62,1.237,0.6628,
BAC,Banking,2026-02-19,73.5,,39.3,52.77,47.52,0,20.23,1.237,0.6628,
BAC,Banking,2026-02-20,73.5,,37.8,53.06,47.52,0,19.09,1.237,0.6628,
BAC,Banking,2026-02-23,73.5,,38.3,51.07,48.75,0,21.01,1.237,0.6628,
BAC,Banking,2026-02-24,73.5,,32.8,50.41,48.24,0,19.55,1.237,0.6628,
BAC,Banking,2026-02-25,73.5,,33.4,51.69,46.97,0,17.93,1.237,0.6628,
BAC,Banking,2026-02-26,73.5,,33.9,52.3,48.75,0,18.63,1.237,0.6628,33.14
BAC,Banking,2026-02-27,73.5,,32.6,49.83,48.75,0,19.86,1.237,0.6628,24.6
BAC,Banking,2026-03-02,73.5,,30.4,49.81,49.27,0,21.44,1.237,0.6628,24.55
BAC,Banking,2026-03-03,73.5,,35.0,49.97,49.38,0,23.57,1.237,0.6628,25.98
BAC,Banking,2026-03-04,73.5,,39.2,50.3,50.06,0,21.15,1.237,0.6628,28.96
BAC,Banking,2026-03-05,73.5,,36.6,49.81,50.06,1,23.75,1.237,0.6628,27.21
BAC,Banking,2026-03-06,73.5,15.4,36.2,48.64,50.06,1,29.49,1.237,0.6628,23.54
BAC,Banking,2026-03-09,73.5,13.8,40.6,47.9,51.88,1,25.5,1.237,0.6628,21.56
BAC,Banking,2026-03-10,73.5,15.3,38.0,48.56,52.71,1,24.93,1.237,0.6628,27.42
BAC,Banking,2026-03-11,73.5,17.1,38.8,48.52,52.54,1,24.23,1.237,0.6628,27.29
BAC,Banking,2026-03-12,73.5,14.6,38.4,47.13,53.35,1,27.29,1.237,0.6628,23.09
BAC,Banking,2026-03-13,73.5,14.5,44.7,46.72,53.35,1,27.19,1.237,0.6628,22.02
GS,Investment Banking,2026-02-06,72.6,,57.2,928.75,832.03,0,20.37,1.311,0.9608,
GS,Investment Banking,2026-02-09,72.6,,45.5,943.62,823.76,0,17.36,1.311,0.9608,
GS,Investment Banking,2026-02-10,72.6,,45.7,948.99,787.52,0,17.79,1.311,0.9608,
GS,Investment Banking,2026-02-11,72.6,,42.0,944.59,782.21,0,17.65,1.311,0.9608,
GS,Investment Banking,2026-02-12,72.6,,43.3,904.55,794.77,0,20.82,1.311,0.9608,
GS,Investment Banking,2026-02-13,72.6,,43.3,905.14,794.77,0,20.6,1.311,0.9608,
GS,Investment Banking,2026-02-17,72.6,,46.1,916.04,809.5,0,20.29,1.311,0.9608,
GS,Investment Banking,2026-02-18,72.6,,44.6,933.73,813.53,0,19.62,1.311,0.9608,
GS,Investment Banking,2026-02-19,72.6,,49.8,916.65,831.27,0,20.23,1.311,0.9608,
GS,Investment Banking,2026-02-20,72.6,,47.8,922.24,831.27,0,19.09,1.311,0.9608,
GS,Investment Banking,2026-02-23,72.6,,41.0,892.31,841.84,0,21.01,1.311,0.9608,
GS,Investment Banking,2026-02-24,72.6,,43.4,902.27,822.64,0,19.55,1.311,0.9608,
GS,Investment Banking,2026-02-25,72.6,,46.2,921.38,802.89,0,17.93,1.311,0.9608,
GS,Investment Banking,2026-02-26,72.6,,43.9,929.0,845.99,0,18.63,1.311,0.9608,71.17
GS,Investment Banking,2026-02-27,72.6,,44.7,859.57,845.99,0,19.86,1.311,0.9608,51.99
GS,Investment Banking,2026-03-02,72.6,,47.5,861.7,860.21,0,21.44,1.311,0.9608,52.41
GS,Investment Banking,2026-03-03,72.6,,53.0,862.58,863.04,1,23.57,1.311,0.9608,52.6
GS,Investment Banking,2026-03-04,72.6,,52.7,867.25,866.05,0,21.15,1.311,0.9608,53.63
GS,Investment Banking,2026-03-05,72.6,,50.3,835.46,866.05,1,23.75,1.311,0.9608,46.22
GS,Investment Banking,2026-03-06,72.6,18.7,52.3,821.42,866.05,1,29.49,1.311,0.9608,43.37
GS,Investment Banking,2026-03-09,72.6,20.1,49.1,832.03,905.75,1,25.5,1.311,0.9608,46.08
GS,Investment Banking,2026-03-10,72.6,20.7,50.0,833.81,903.72,1,24.93,1.311,0.9608,46.54
GS,Investment Banking,2026-03-11,72.6,18.8,49.4,823.76,907.8,1,24.23,1.311,0.9608,44.24
GS,Investment Banking,2026-03-12,72.6,13.3,44.5,787.52,890.79,1,27.29,1.311,0.9608,37.11
GS,Investment Banking,2026-03-13,72.6,13.4,41.4,782.21,890.79,1,27.19,1.311,0.9608,36.19
MS,Investment Banking,2026-02-06,78.8,,33.8,179.96,160.45,0,20.37,1.182,0.8718,
MS,Investment Banking,2026-02-09,78.8,,29.7,182.35,160.89,0,17.36,1.182,0.8718,
MS,Investment Banking,2026-02-10,78.8,,32.0,177.89,154.37,0,17.79,1.182,0.8718,
MS,Investment Banking,2026-02-11,78.8,,33.1,176.68,154.87,0,17.65,1.182,0.8718,
MS,Investment Banking,2026-02-12,78.8,,33.3,168.06,155.7,0,20.82,1.182,0.8718,
MS,Investment Banking,2026-02-13,78.8,,31.4,171.15,155.7,0,20.6,1.182,0.8718,
MS,Investment Banking,2026-02-17,78.8,,32.8,171.54,158.55,0,20.29,1.182,0.8718,
MS,Investment Banking,2026-02-18,78.8,,32.3,176.59,161.47,0,19.62,1.182,0.8718,
MS,Investment Banking,2026-02-19,78.8,,32.4,174.37,164.32,0,20.23,1.182,0.8718,
MS,Investment Banking,2026-02-20,78.8,,31.7,175.41,164.32,0,19.09,1.182,0.8718,
MS,Investment Banking,2026-02-23,78.8,,33.1,166.8,165.65,0,21.01,1.182,0.8718,
MS,Investment Banking,2026-02-24,78.8,,33.9,168.79,163.23,0,19.55,1.182,0.8718,
MS,Investment Banking,2026-02-25,78.8,,35.4,173.73,158.39,0,17.93,1.182,0.8718,
MS,Investment Banking,2026-02-26,78.8,,34.7,177.49,164.57,0,18.63,1.182,0.8718,65.9
MS,Investment Banking,2026-02-27,78.8,,31.6,166.51,164.57,0,19.86,1.182,0.8718,52.23
MS,Investment Banking,2026-03-02,78.8,,32.9,167.0,166.17,0,21.44,1.182,0.8718,52.7
MS,Investment Banking,2026-03-03,78.8,,32.9,165.95,165.81,0,23.57,1.182,0.8718,51.52
MS,Investment Banking,2026-03-04,78.8,,32.4,167.58,166.55,0,21.15,1.182,0.8718,53.27
MS,Investment Banking,2026-03-05,78.8,,29.9,162.55,166.55,1,23.75,1.182,0.8718,47.59
MS,Investment Banking,2026-03-06,78.8,20.9,29.8,160.27,166.55,1,29.49,1.182,0.8718,45.23
MS,Investment Banking,2026-03-09,78.8,20.4,34.3,160.45,176.02,1,25.5,1.182,0.8718,45.46
MS,Investment Banking,2026-03-10,78.8,21.4,32.8,160.75,178.16,1,24.93,1.182,0.8718,45.87
MS,Investment Banking,2026-03-11,78.8,22.2,33.2,160.89,177.64,1,24.23,1.182,0.8718,46.07
MS,Investment Banking,2026-03-12,78.8,14.9,32.2,154.37,181.14,1,27.29,1.182,0.8718,38.8
MS,Investment Banking,2026-03-13,78.8,16.1,31.7,154.87,181.14,1,27.19,1.182,0.8718,39.59
C,Banking,2026-02-09,49.4,,42.5,123.77,109.19,0,17.36,1.085,,
C,Banking,2026-02-10,49.4,,44.9,122.15,105.5,0,17.79,1.085,,
C,Banking,2026-02-11,49.4,,44.4,117.39,105.69,0,17.65,1.085,,
C,Banking,2026-02-12,49.4,,46.3,111.15,107.35,0,20.82,1.085,,
C,Banking,2026-02-13,49.4,,48.6,110.86,107.35,0,20.6,1.085,,
C,Banking,2026-02-17,49.4,,53.4,113.78,109.85,0,20.29,1.085,,
C,Banking,2026-02-18,49.4,,52.8,116.27,109.52,0,19.62,1.085,,
C,Banking,2026-02-19,49.4,,54.8,115.55,111.64,0,20.23,1.085,,
C,Banking,2026-02-20,49.4,,53.3,116.0,111.64,0,19.09,1.085,,
C,Banking,2026-02-23,49.4,,49.3,110.75,114.48,1,21.01,1.085,,
C,Banking,2026-02-24,49.4,,46.2,109.56,112.41,1,19.55,1.085,,
C,Banking,2026-02-25,49.4,,48.8,114.34,107.38,0,17.93,1.085,,
C,Banking,2026-02-26,49.4,,48.7,116.19,113.41,0,18.63,1.085,,57.25
C,Banking,2026-02-27,49.4,,47.9,110.19,113.41,1,19.86,1.085,,46.59
C,Banking,2026-03-02,49.4,,46.4,111.45,115.3,1,21.44,1.085,,48.75
C,Banking,2026-03-03,49.4,,47.3,110.76,115.25,1,23.57,1.085,,47.62
C,Banking,2026-03-04,49.4,,47.2,111.32,117.36,1,21.15,1.085,,48.66
C,Banking,2026-03-05,49.4,,45.6,108.95,117.36,1,23.75,1.085,,44.61
C,Banking,2026-03-06,49.4,19.7,45.3,106.53,117.36,1,29.49,1.085,,40.86
C,Banking,2026-03-09,49.4,19.0,50.1,106.59,123.49,1,25.5,1.085,,41.0
C,Banking,2026-03-10,49.4,26.5,52.2,108.97,124.92,1,24.93,1.085,,46.14
C,Banking,2026-03-11,49.4,31.6,50.5,109.19,124.39,1,24.23,1.085,,46.6
C,Banking,2026-03-12,49.4,21.3,50.9,105.5,126.28,1,27.29,1.085,,40.34
C,Banking,2026-03-13,49.4,22.7,49.3,105.69,126.28,1,27.19,1.085,,40.78
BLK,Asset Management,2026-02-06,58.4,,47.1,1056.38,957.67,0,20.37,1.493,,
BLK,Asset Management,2026-02-09,58.4,,42.4,1079.9,951.17,0,17.36,1.493,,
BLK,Asset Management,2026-02-10,58.4,,48.5,1087.78,922.9,0,17.79,1.493,,
BLK,Asset Management,2026-02-11,58.4,,47.3,1082.88,924.11,0,17.65,1.493,,
BLK,Asset Management,2026-02-12,58.4,,49.9,1055.63,943.26,0,20.82,1.493,,
BLK,Asset Management,2026-02-13,58.4,,50.0,1071.51,943.26,0,20.6,1.493,,
BLK,Asset Management,2026-02-17,58.4,,58.4,1072.67,969.6,0,20.29,1.493,,
BLK,Asset Management,2026-02-18,58.4,,52.2,1092.26,957.91,0,19.62,1.493,,
BLK,Asset Management,2026-02-19,58.4,,54.4,1081.28,974.58,0,20.23,1.493,,
BLK,Asset Management,2026-02-20,58.4,,54.0,1093.64,974.58,0,19.09,1.493,,
BLK,Asset Management,2026-02-23,58.4,,48.3,1071.01,981.35,0,21.01,1.493,,
BLK,Asset Management,2026-02-24,58.4,,47.7,1081.05,968.46,0,19.55,1.493,,
BLK,Asset Management,2026-02-25,58.4,,50.3,1093.78,933.85,0,17.93,1.493,,
BLK,Asset Management,2026-02-26,58.4,,48.4,1090.27,961.71,0,18.63,1.493,,80.71
BLK,Asset Management,2026-02-27,58.4,,45.1,1063.23,961.71,0,19.86,1.493,,71.85
BLK,Asset Management,2026-03-02,58.4,,53.3,1068.31,957.4,0,21.44,1.493,,72.46
BLK,Asset Management,2026-03-03,58.4,,57.4,1052.59,966.56,0,23.57,1.493,,67.56
BLK,Asset Management,2026-03-04,58.4,,58.2,1049.23,959.41,0,21.15,1.493,,66.53
BLK,Asset Management,2026-03-05,58.4,,55.7,1035.0,959.41,0,23.75,1.493,,62.19
BLK,Asset Management,2026-03-06,58.4,22.8,57.8,955.45,959.41,1,29.49,1.493,,44.64
BLK,Asset Management,2026-03-09,58.4,22.3,56.3,957.67,1001.54,1,25.5,1.493,,45.11
BLK,Asset Management,2026-03-10,58.4,21.7,53.9,967.36,1001.62,1,24.93,1.493,,47.2
BLK,Asset Management,2026-03-11,58.4,19.0,54.2,951.17,999.31,1,24.23,1.493,,44.17
BLK,Asset Management,2026-03-12,58.4,15.3,47.1,922.9,1023.65,1,27.29,1.493,,39.43
BLK,Asset Management,2026-03-13,58.4,15.8,47.1,924.11,1023.65,1,27.19,1.493,,39.73
BRK-B,Conglomerate,2026-02-06,64.7,,87.6,508.09,497.2,0,20.37,0.699,,
BRK-B,Conglomerate,2026-02-09,64.7,,69.4,498.08,493.57,0,17.36,0.699,,
BRK-B,Conglomerate,2026-02-10,64.7,,60.5,500.3,491.89,0,17.79,0.699,,
BRK-B,Conglomerate,2026-02-11,64.7,,60.5,500.02,490.03,0,17.65,0.699,,
BRK-B,Conglomerate,2026-02-12,64.7,,61.8,500.01,492.21,0,20.82,0.699,,
BRK-B,Conglomerate,2026-02-13,64.7,,59.0,497.55,492.21,0,20.6,0.699,,
BRK-B,Conglomerate,2026-02-17,64.7,,47.9,503.41,481.48,0,20.29,0.699,,
BRK-B,Conglomerate,2026-02-18,64.7,,51.1,499.07,480.94,0,19.62,0.699,,
BRK-B,Conglomerate,2026-02-19,64.7,,40.7,496.94,479.98,0,20.23,0.699,,
BRK-B,Conglomerate,2026-02-20,64.7,,36.3,498.2,479.98,0,19.09,0.699,,
BRK-B,Conglomerate,2026-02-23,64.7,,32.1,494.09,476.19,0,21.01,0.699,,
BRK-B,Conglomerate,2026-02-24,64.7,,33.4,494.51,475.27,0,19.55,0.699,,
BRK-B,Conglomerate,2026-02-25,64.7,,36.4,493.99,468.49,0,17.93,0.699,,
BRK-B,Conglomerate,2026-02-26,64.7,,35.2,502.67,479.2,0,18.63,0.699,,17.72
BRK-B,Conglomerate,2026-02-27,64.7,,37.1,504.95,479.2,0,19.86,0.699,,20.12
BRK-B,Conglomerate,2026-03-02,64.7,,46.2,480.17,478.5,0,21.44,0.699,,14.99
BRK-B,Conglomerate,2026-03-03,64.7,,47.0,481.36,477.35,0,23.57,0.699,,16.1
BRK-B,Conglomerate,2026-03-04,64.7,,51.5,487.48,476.38,0,21.15,0.699,,21.74
BRK-B,Conglomerate,2026-03-05,64.7,,48.4,500.4,476.38,0,23.75,0.699,,32.11
BRK-B,Conglomerate,2026-03-06,64.7,45.7,49.5,498.98,476.38,0,29.49,0.699,,31.61
BRK-B,Conglomerate,2026-03-09,64.7,46.3,47.0,497.2,479.75,0,25.5,0.699,,30.97
BRK-B,Conglomerate,2026-03-10,64.7,44.3,49.1,494.14,485.2,0,24.93,0.699,,29.84
BRK-B,Conglomerate,2026-03-11,64.7,43.9,56.4,493.57,479.9,0,24.23,0.699,,29.62
BRK-B,Conglomerate,2026-03-12,64.7,42.4,52.3,491.89,480.19,0,27.29,0.699,,28.96
BRK-B,Conglomerate,2026-03-13,64.7,40.7,57.2,490.03,480.19,0,27.19,0.699,,28.2
V,Financial Services,2026-02-09,62.7,,46.9,325.58,308.96,0,17.36,0.799,1.6798,
V,Financial Services,2026-02-10,62.7,,43.6,328.17,306.5,0,17.79,0.799,1.6798,
V,Financial Services,2026-02-11,62.7,,43.3,329.24,307.14,0,17.65,0.799,1.6798,
V,Financial Services,2026-02-12,62.7,,42.8,324.18,310.11,0,20.82,0.799,1.6798,
V,Financial Services,2026-02-13,62.7,,42.2,314.08,310.11,0,20.6,0.799,1.6798,
V,Financial Services,2026-02-17,62.7,,40.2,319.5,299.71,0,20.29,0.799,1.6798,
V,Financial Services,2026-02-18,62.7,,41.4,320.3,301.62,0,19.62,0.799,1.6798,
V,Financial Services,2026-02-19,62.7,,38.4,318.93,304.44,0,20.23,0.799,1.6798,
V,Financial Services,2026-02-20,62.7,,39.0,320.95,304.44,0,19.09,0.799,1.6798,
V,Financial Services,2026-02-23,62.7,,36.6,306.52,304.91,0,21.01,0.799,1.6798,
V,Financial Services,2026-02-24,62.7,,36.8,307.22,305.53,0,19.55,0.799,1.6798,
V,Financial Services,2026-02-25,62.7,,39.1,312.99,295.52,0,17.93,0.799,1.6798,
V,Financial Services,2026-02-26,62.7,,36.1,316.7,302.24,0,18.63,0.799,1.6798,23.09
V,Financial Services,2026-02-27,62.7,,39.2,320.14,302.24,0,19.86,0.799,1.6798,26.86
V,Financial Services,2026-03-02,62.7,,39.5,320.51,298.51,0,21.44,0.799,1.6798,27.28
V,Financial Services,2026-03-03,62.7,,41.0,320.83,300.8,0,23.57,0.799,1.6798,27.66
V,Financial Services,2026-03-04,62.7,,39.8,320.47,303.33,0,21.15,0.799,1.6798,27.48
V,Financial Services,2026-03-05,62.7,,38.0,319.8,303.33,0,23.75,0.799,1.6798,27.14
V,Financial Services,2026-03-06,62.7,43.5,41.8,317.36,303.33,0,29.49,0.799,1.6798,25.87
V,Financial Services,2026-03-09,62.7,41.7,39.6,315.97,308.96,0,25.5,0.799,1.6798,25.15
V,Financial Services,2026-03-10,62.7,39.0,40.8,314.43,308.29,0,24.93,0.799,1.6798,24.34
V,Financial Services,2026-03-11,62.7,31.0,41.1,308.96,304.36,0,24.23,0.799,1.6798,21.68
V,Financial Services,2026-03-12,62.7,26.6,41.0,306.5,309.39,1,27.29,0.799,1.6798,20.59
V,Financial Services,2026-03-13,62.7,27.3,40.4,307.14,309.39,1,27.19,0.799,1.6798,21.69
MA,Financial Services,2026-02-06,66.0,,50.0,548.74,517.72,0,20.37,0.831,1.2808,
MA,Financial Services,2026-02-09,66.0,,45.9,535.33,504.0,0,17.36,0.831,1.2808,
MA,Financial Services,2026-02-10,66.0,,46.0,540.39,497.31,0,17.79,0.831,1.2808,
MA,Financial Services,2026-02-11,66.0,,46.8,537.46,497.99,0,17.65,0.831,1.2808,
MA,Financial Services,2026-02-12,66.0,,46.8,527.46,508.5,0,20.82,0.831,1.2808,
MA,Financial Services,2026-02-13,66.0,,45.2,518.36,508.5,0,20.6,0.831,1.2808,
MA,Financial Services,2026-02-17,66.0,,45.9,521.93,491.14,0,20.29,0.831,1.2808,
MA,Financial Services,2026-02-18,66.0,,46.4,527.98,496.32,0,19.62,0.831,1.2808,
MA,Financial Services,2026-02-19,66.0,,46.7,520.26,500.38,0,20.23,0.831,1.2808,
MA,Financial Services,2026-02-20,66.0,,47.8,526.41,500.38,0,19.09,0.831,1.2808,
MA,Financial Services,2026-02-23,66.0,,52.9,496.03,502.76,1,21.01,0.831,1.2808,
MA,Financial Services,2026-02-24,66.0,,53.3,498.0,500.75,1,19.55,0.831,1.2808,
MA,Financial Services,2026-02-25,66.0,,54.6,509.39,484.24,0,17.93,0.831,1.2808,
MA,Financial Services,2026-02-26,66.0,,57.1,514.77,499.66,0,18.63,0.831,1.2808,20.47
MA,Financial Services,2026-02-27,66.0,,56.1,517.21,499.66,0,19.86,0.831,1.2808,21.85
MA,Financial Services,2026-03-02,66.0,,51.6,521.0,491.65,0,21.44,0.831,1.2808,24.06
MA,Financial Services,2026-03-03,66.0,,52.1,524.32,493.44,0,23.57,0.831,1.2808,26.02
MA,Financial Services,2026-03-04,66.0,,53.2,522.92,501.5,0,21.15,0.831,1.2808,25.72
MA,Financial Services,2026-03-05,66.0,,53.3,524.66,501.5,0,23.75,0.831,1.2808,26.86
MA,Financial Services,2026-03-06,66.0,47.7,50.6,522.34,501.5,0,29.49,0.831,1.2808,26.28
MA,Financial Services,2026-03-09,66.0,44.7,55.5,517.72,507.12,0,25.5,0.831,1.2808,25.12
MA,Financial Services,2026-03-10,66.0,42.2,56.2,514.72,503.57,0,24.93,0.831,1.2808,24.37
MA,Financial Services,2026-03-11,66.0,33.2,55.3,504.0,498.66,0,24.23,0.831,1.2808,21.85
MA,Financial Services,2026-03-12,66.0,26.4,55.5,497.31,508.58,1,27.29,0.831,1.2808,20.43
MA,Financial Services,2026-03-13,66.0,26.2,54.3,497.99,508.58,1,27.19,0.831,1.2808,20.99
PYPL,FinTech,2026-02-06,81.1,,18.9,40.42,46.16,1,20.37,1.411,0.2264,
PYPL,FinTech,2026-02-09,81.1,,26.9,41.15,45.57,1,17.36,1.411,0.2264,
PYPL,FinTech,2026-02-10,81.1,,26.4,41.49,44.36,1,17.79,1.411,0.2264,
PYPL,FinTech,2026-02-11,81.1,,30.7,40.46,44.9,1,17.65,1.411,0.2264,
PYPL,FinTech,2026-02-12,81.1,,32.2,39.08,45.42,1,20.82,1.411,0.2264,
PYPL,FinTech,2026-02-13,81.1,,30.7,40.29,45.42,1,20.6,1.411,0.2264,
PYPL,FinTech,2026-02-17,81.1,,35.2,40.81,44.19,1,20.29,1.411,0.2264,
PYPL,FinTech,2026-02-18,81.1,,33.2,41.45,44.01,1,19.62,1.411,0.2264,
PYPL,FinTech,2026-02-19,81.1,,34.5,41.73,45.49,1,20.23,1.411,0.2264,
PYPL,FinTech,2026-02-20,81.1,,29.2,41.65,45.49,1,19.09,1.411,0.2264,
PYPL,FinTech,2026-02-23,81.1,,26.8,44.05,44.85,1,21.01,1.411,0.2264,
PYPL,FinTech,2026-02-24,81.1,,30.5,47.02,45.2,0,19.55,1.411,0.2264,
PYPL,FinTech,2026-02-25,81.1,,29.4,47.32,43.59,0,17.93,1.411,0.2264,
PYPL,FinTech,2026-02-26,81.1,,31.0,45.53,45.23,0,18.63,1.411,0.2264,77.81
PYPL,FinTech,2026-02-27,81.1,,32.5,46.21,45.23,0,19.86,1.411,0.2264,78.94
PYPL,FinTech,2026-03-02,81.1,,38.9,45.63,44.63,0,21.44,1.411,0.2264,75.43
PYPL,FinTech,2026-03-03,81.1,,41.0,46.38,45.34,0,23.57,1.411,0.2264,76.86
PYPL,FinTech,2026-03-04,81.1,,39.9,46.75,45.48,0,21.15,1.411,0.2264,77.56
PYPL,FinTech,2026-03-05,81.1,,37.7,47.64,45.48,0,23.75,1.411,0.2264,79.18
PYPL,FinTech,2026-03-06,81.1,80.0,37.8,46.97,45.48,0,29.49,1.411,0.2264,74.8
PYPL,FinTech,2026-03-09,81.1,76.7,34.3,46.16,45.85,0,25.5,1.411,0.2264,69.78
PYPL,FinTech,2026-03-10,81.1,63.8,31.3,45.02,45.98,1,24.93,1.411,0.2264,63.34
PYPL,FinTech,2026-03-11,81.1,59.6,31.3,45.57,45.24,0,24.23,1.411,0.2264,65.02
PYPL,FinTech,2026-03-12,81.1,38.3,32.4,44.36,47.51,1,27.29,1.411,0.2264,58.66
PYPL,FinTech,2026-03-13,81.1,42.3,35.9,44.9,47.51,1,27.19,1.411,0.2264,60.51
AXISBANK.NS,Banking,2026-02-09,66.6,,56.0,1341.4,1255.8,0,17.36,0.435,4.231,
AXISBANK.NS,Banking,2026-02-10,66.6,,56.2,1356.7,1234.5,0,17.79,0.435,4.231,
AXISBANK.NS,Banking,2026-02-11,66.6,,52.0,1347.3,1197.3,0,17.65,0.435,4.231,
AXISBANK.NS,Banking,2026-02-12,66.6,,45.5,1340.0,1214.7,0,20.82,0.435,4.231,
AXISBANK.NS,Banking,2026-02-13,66.6,,43.0,1332.3,1214.7,0,20.6,0.435,4.231,
AXISBANK.NS,Banking,2026-02-17,66.6,,49.0,1357.2,1207.0,0,20.29,0.435,4.231,
AXISBANK.NS,Banking,2026-02-18,66.6,,49.5,1377.0,1203.9,0,19.62,0.435,4.231,
AXISBANK.NS,Banking,2026-02-19,66.6,,47.6,1356.6,1170.6,0,20.23,0.435,4.231,
AXISBANK.NS,Banking,2026-02-20,66.6,,47.5,1368.3,1170.6,0,19.09,0.435,4.231,
AXISBANK.NS,Banking,2026-02-23,66.6,,44.2,1386.7,1222.1,0,21.01,0.435,4.231,
AXISBANK.NS,Banking,2026-02-24,66.6,,41.8,1387.6,1205.2,0,19.55,0.435,4.231,
AXISBANK.NS,Banking,2026-02-25,66.6,,35.6,1403.0,1205.2,0,17.93,0.435,4.231,72.4
AXISBANK.NS,Banking,2026-02-26,66.6,,31.2,1395.5,1161.3,0,18.63,0.435,4.231,67.31
AXISBANK.NS,Banking,2026-02-27,66.6,,36.6,1383.9,1161.3,0,19.86,0.435,4.231,60.26
AXISBANK.NS,Banking,2026-03-02,66.6,,34.8,1372.3,1193.1,0,21.44,0.435,4.231,54.15
AXISBANK.NS,Banking,2026-03-04,66.6,,35.7,1351.3,1245.3,0,21.15,0.435,4.231,45.21
AXISBANK.NS,Banking,2026-03-05,66.6,,40.3,1349.1,1245.3,0,23.75,0.435,4.231,44.39
AXISBANK.NS,Banking,2026-03-06,66.6,28.5,38.4,1315.8,1245.3,0,29.49,0.435,4.231,34.2
AXISBANK.NS,Banking,2026-03-09,66.6,21.0,38.6,1288.3,1333.0,1,25.5,0.435,4.231,28.4
AXISBANK.NS,Banking,2026-03-10,66.6,25.6,44.1,1314.7,1318.5,1,24.93,0.435,4.231,39.08
AXISBANK.NS,Banking,2026-03-11,66.6,18.7,41.7,1255.8,1350.8,1,24.23,0.435,4.231,28.77
AXISBANK.NS,Banking,2026-03-12,66.6,20.9,42.3,1234.5,1353.6,1,27.29,0.435,4.231,26.09
AXISBANK.NS,Banking,2026-03-13,66.6,16.7,38.1,1197.3,1353.6,1,27.19,0.435,4.231,22.2
HDFCBANK.NS,Banking,2026-02-09,75.3,,59.2,937.25,833.95,0,17.36,0.487,1.5418,
HDFCBANK.NS,Banking,2026-02-10,75.3,,54.4,932.4,832.75,0,17.79,0.487,1.5418,
HDFCBANK.NS,Banking,2026-02-11,75.3,,54.4,927.1,817.0,0,17.65,0.487,1.5418,
HDFCBANK.NS,Banking,2026-02-12,75.3,,45.7,920.6,840.6,0,20.82,0.487,1.5418,
HDFCBANK.NS,Banking,2026-02-13,75.3,,41.8,903.9,840.6,0,20.6,0.487,1.5418,
HDFCBANK.NS,Banking,2026-02-17,75.3,,29.8,925.7,798.2,0,20.29,0.487,1.5418,
HDFCBANK.NS,Banking,2026-02-18,75.3,,31.3,924.7,780.45,0,19.62,0.487,1.5418,
HDFCBANK.NS,Banking,2026-02-19,75.3,,30.3,915.6,744.15,0,20.23,0.487,1.5418,
HDFCBANK.NS,Banking,2026-02-20,75.3,,35.3,911.85,744.15,0,19.09,0.487,1.5418,
HDFCBANK.NS,Banking,2026-02-23,75.3,,45.9,923.6,782.3,0,21.01,0.487,1.5418,
HDFCBANK.NS,Banking,2026-02-24,75.3,,48.7,910.5,756.2,0,19.55,0.487,1.5418,
HDFCBANK.NS,Banking,2026-02-25,75.3,,49.6,907.6,756.2,0,17.93,0.487,1.5418,26.28
HDFCBANK.NS,Banking,2026-02-26,75.3,,46.7,898.6,731.55,0,18.63,0.487,1.5418,23.68
HDFCBANK.NS,Banking,2026-02-27,75.3,,50.5,887.75,731.55,0,19.86,0.487,1.5418,20.98
HDFCBANK.NS,Banking,2026-03-02,75.3,,43.2,879.4,742.25,0,21.44,0.487,1.5418,19.17
HDFCBANK.NS,Banking,2026-03-04,75.3,,43.5,868.65,771.0,0,21.15,0.487,1.5418,17.12
HDFCBANK.NS,Banking,2026-03-05,75.3,,46.9,877.75,771.0,0,23.75,0.487,1.5418,24.48
HDFCBANK.NS,Banking,2026-03-06,75.3,18.2,47.4,857.05,771.0,0,29.49,0.487,1.5418,20.11
HDFCBANK.NS,Banking,2026-03-09,75.3,17.0,37.1,840.7,816.1,0,25.5,0.487,1.5418,17.45
HDFCBANK.NS,Banking,2026-03-10,75.3,20.6,50.0,849.45,797.7,0,24.93,0.487,1.5418,23.29
HDFCBANK.NS,Banking,2026-03-11,75.3,16.5,45.0,833.95,810.3,0,24.23,0.487,1.5418,20.52
HDFCBANK.NS,Banking,2026-03-12,75.3,16.6,39.9,832.75,794.7,0,27.29,0.487,1.5418,20.32
HDFCBANK.NS,Banking,2026-03-13,75.3,15.7,27.7,817.0,794.7,0,27.19,0.487,1.5418,17.85
ICICIBANK.NS,Banking,2026-02-09,61.7,,84.9,1396.3,1294.6,0,17.36,0.288,,
ICICIBANK.NS,Banking,2026-02-10,61.7,,86.1,1406.5,1266.5,0,17.79,0.288,,
ICICIBANK.NS,Banking,2026-02-11,61.7,,86.4,1406.1,1254.8,0,17.65,0.288,,
ICICIBANK.NS,Banking,2026-02-12,61.7,,72.5,1430.0,1272.9,0,20.82,0.288,,
ICICIBANK.NS,Banking,2026-02-13,61.7,,71.4,1414.6,1272.9,0,20.6,0.288,,
ICICIBANK.NS,Banking,2026-02-17,61.7,,49.0,1407.5,1250.1,0,20.29,0.288,,
ICICIBANK.NS,Banking,2026-02-18,61.7,,45.1,1408.2,1245.4,0,19.62,0.288,,
ICICIBANK.NS,Banking,2026-02-19,61.7,,39.3,1388.8,1222.7,0,20.23,0.288,,
ICICIBANK.NS,Banking,2026-02-20,61.7,,51.4,1394.5,1222.7,0,19.09,0.288,,
ICICIBANK.NS,Banking,2026-02-23,61.7,,46.8,1399.4,1259.7,0,21.01,0.288,,
ICICIBANK.NS,Banking,2026-02-24,61.7,,41.8,1384.8,1233.8,0,19.55,0.288,,
ICICIBANK.NS,Banking,2026-02-25,61.7,,40.8,1400.5,1233.8,0,17.93,0.288,,29.99
ICICIBANK.NS,Banking,2026-02-26,61.7,,37.0,1404.9,1205.9,0,18.63,0.288,,32.29
ICICIBANK.NS,Banking,2026-02-27,61.7,,40.8,1378.9,1205.9,0,19.86,0.288,,26.7
ICICIBANK.NS,Banking,2026-03-02,61.7,,32.5,1374.0,1212.7,0,21.44,0.288,,25.79
ICICIBANK.NS,Banking,2026-03-04,61.7,,39.9,1365.4,1231.4,0,21.15,0.288,,24.24
ICICIBANK.NS,Banking,2026-03-05,61.7,,46.4,1357.6,1231.4,0,23.75,0.288,,22.89
ICICIBANK.NS,Banking,2026-03-06,61.7,22.4,40.9,1313.4,1231.4,0,29.49,0.288,,17.09
ICICIBANK.NS,Banking,2026-03-09,61.7,16.7,29.8,1278.4,1309.2,1,25.5,0.288,,14.05
ICICIBANK.NS,Banking,2026-03-10,61.7,18.0,39.5,1311.9,1281.3,0,24.93,0.288,,27.36
ICICIBANK.NS,Banking,2026-03-11,61.7,17.2,35.6,1294.6,1321.9,1,24.23,0.288,,25.19
ICICIBANK.NS,Banking,2026-03-12,61.7,16.2,39.5,1266.5,1351.1,1,27.29,0.288,,22.12
ICICIBANK.NS,Banking,2026-03-13,61.7,15.9,30.3,1254.8,1351.1,1,27.19,0.288,,20.98
SBIN.NS,Banking,2026-02-09,70.0,,58.5,1146.0,1091.1,0,17.36,0.459,1.2445,
SBIN.NS,Banking,2026-02-10,70.0,,51.3,1144.1,1085.2,0,17.79,0.459,1.2445,
SBIN.NS,Banking,2026-02-11,70.0,,46.1,1182.9,1047.0,0,17.65,0.459,1.2445,
SBIN.NS,Banking,2026-02-12,70.0,,39.4,1192.4,1066.7,0,20.82,0.459,1.2445,
SBIN.NS,Banking,2026-02-13,70.0,,41.8,1198.6,1066.7,0,20.6,0.459,1.2445,
SBIN.NS,Banking,2026-02-17,70.0,,33.6,1213.4,1048.9,0,20.29,0.459,1.2445,
SBIN.NS,Banking,2026-02-18,70.0,,33.5,1218.9,1058.0,0,19.62,0.459,1.2445,
SBIN.NS,Banking,2026-02-19,70.0,,32.3,1205.7,1031.9,0,20.23,0.459,1.2445,
SBIN.NS,Banking,2026-02-20,70.0,,43.1,1216.1,1031.9,0,19.09,0.459,1.2445,
SBIN.NS,Banking,2026-02-23,70.0,,35.0,1227.8,1060.6,0,21.01,0.459,1.2445,
SBIN.NS,Banking,2026-02-24,70.0,,37.2,1223.3,1019.5,0,19.55,0.459,1.2445,
SBIN.NS,Banking,2026-02-25,70.0,,41.9,1200.1,1019.5,0,17.93,0.459,1.2445,93.14
SBIN.NS,Banking,2026-02-26,70.0,,44.1,1209.5,979.4,0,18.63,0.459,1.2445,93.26
SBIN.NS,Banking,2026-02-27,70.0,,47.6,1201.7,979.4,0,19.86,0.459,1.2445,91.79
SBIN.NS,Banking,2026-03-02,70.0,,48.3,1189.9,1017.8,0,21.44,0.459,1.2445,89.49
SBIN.NS,Banking,2026-03-04,70.0,,45.7,1174.5,1032.75,0,21.15,0.459,1.2445,86.44
SBIN.NS,Banking,2026-03-05,70.0,,43.7,1169.5,1032.75,0,23.75,0.459,1.2445,85.42
SBIN.NS,Banking,2026-03-06,70.0,42.8,44.3,1143.0,1032.75,0,29.49,0.459,1.2445,80.05
SBIN.NS,Banking,2026-03-09,70.0,38.6,36.0,1098.5,1061.45,0,25.5,0.459,1.2445,71.88
SBIN.NS,Banking,2026-03-10,70.0,38.7,33.5,1112.2,1040.95,0,24.93,0.459,1.2445,72.8
SBIN.NS,Banking,2026-03-11,70.0,37.1,34.0,1091.1,1066.7,0,24.23,0.459,1.2445,69.05
SBIN.NS,Banking,2026-03-12,70.0,36.7,36.5,1085.2,1063.55,0,27.29,0.459,1.2445,67.99
SBIN.NS,Banking,2026-03-13,70.0,33.4,33.7,1047.0,1063.55,1,27.19,0.459,1.2445,61.45
KOTAKBANK.NS,Banking,2026-02-09,47.9,,37.8,428.8,383.2,0,17.36,0.27,4.1889,
KOTAKBANK.NS,Banking,2026-02-10,47.9,,41.3,429.3,375.3,0,17.79,0.27,4.1889,
KOTAKBANK.NS,Banking,2026-02-11,47.9,,48.4,429.55,366.85,0,17.65,0.27,4.1889,
KOTAKBANK.NS,Banking,2026-02-12,47.9,,40.5,426.25,369.85,0,20.82,0.27,4.1889,
KOTAKBANK.NS,Banking,2026-02-13,47.9,,37.2,420.65,369.85,0,20.6,0.27,4.1889,
KOTAKBANK.NS,Banking,2026-02-17,47.9,,48.6,424.45,368.15,0,20.29,0.27,4.1889,
KOTAKBANK.NS,Banking,2026-02-18,47.9,,53.6,426.35,366.75,0,19.62,0.27,4.1889,
KOTAKBANK.NS,Banking,2026-02-19,47.9,,33.8,416.4,356.55,0,20.23,0.27,4.1889,
KOTAKBANK.NS,Banking,2026-02-20,47.9,,41.7,421.35,356.55,0,19.09,0.27,4.1889,
KOTAKBANK.NS,Banking,2026-02-23,47.9,,52.8,430.7,371.1,0,21.01,0.27,4.1889,
KOTAKBANK.NS,Banking,2026-02-24,47.9,,47.2,427.7,366.15,0,19.55,0.27,4.1889,
KOTAKBANK.NS,Banking,2026-02-25,47.9,,43.9,424.95,366.15,0,17.93,0.27,4.1889,74.43
KOTAKBANK.NS,Banking,2026-02-26,47.9,,44.2,424.55,353.4,0,18.63,0.27,4.1889,73.99
KOTAKBANK.NS,Banking,2026-02-27,47.9,,48.1,415.2,353.4,0,19.86,0.27,4.1889,64.38
KOTAKBANK.NS,Banking,2026-03-02,47.9,,45.9,413.1,356.05,0,21.44,0.27,4.1889,62.41
KOTAKBANK.NS,Banking,2026-03-04,47.9,,35.0,403.35,360.55,0,21.15,0.27,4.1889,54.16
KOTAKBANK.NS,Banking,2026-03-05,47.9,,36.2,407.3,360.55,0,23.75,0.27,4.1889,56.66
KOTAKBANK.NS,Banking,2026-03-06,47.9,31.7,26.8,399.8,360.55,0,29.49,0.27,4.1889,50.98
KOTAKBANK.NS,Banking,2026-03-09,47.9,23.4,35.2,386.35,380.15,0,25.5,0.27,4.1889,42.71
KOTAKBANK.NS,Banking,2026-03-10,47.9,29.0,36.3,391.85,371.9,0,24.93,0.27,4.1889,46.53
KOTAKBANK.NS,Banking,2026-03-11,47.9,24.7,27.7,383.2,374.55,0,24.23,0.27,4.1889,41.8
KOTAKBANK.NS,Banking,2026-03-12,47.9,22.4,40.1,375.3,371.9,0,27.29,0.27,4.1889,38.01
KOTAKBANK.NS,Banking,2026-03-13,47.9,20.4,30.4,366.85,371.9,1,27.19,0.27,4.1889,34.41
HSBA.L,Banking,2026-02-09,69.1,,73.4,1310.11,1268.8,0,17.36,0.555,0.0062,
HSBA.L,Banking,2026-02-10,69.1,,60.4,1302.2,1201.2,0,17.79,0.555,0.0062,
HSBA.L,Banking,2026-02-11,69.1,,56.6,1299.4,1180.4,0,17.65,0.555,0.0062,
HSBA.L,Banking,2026-02-12,69.1,,46.1,1313.2,1185.61,0,20.82,0.555,0.0062,
HSBA.L,Banking,2026-02-13,69.1,,50.8,1238.6,1185.61,0,20.6,0.555,0.0062,
HSBA.L,Banking,2026-02-17,69.1,,32.9,1256.0,1180.8,0,20.29,0.555,0.0062,
HSBA.L,Banking,2026-02-18,69.1,,44.8,1296.0,1144.2,0,19.62,0.555,0.0062,
HSBA.L,Banking,2026-02-19,69.1,,48.6,1293.5,1122.0,0,20.23,0.555,0.0062,
HSBA.L,Banking,2026-02-20,69.1,,58.2,1290.0,1122.0,0,19.09,0.555,0.0062,
HSBA.L,Banking,2026-02-23,69.1,,56.3,1298.8,1205.4,0,21.01,0.555,0.0062,
HSBA.L,Banking,2026-02-24,69.1,,56.0,1281.8,1204.6,0,19.55,0.555,0.0062,
HSBA.L,Banking,2026-02-25,69.1,,60.6,1358.99,1200.0,0,17.93,0.555,0.0062,69.68
HSBA.L,Banking,2026-02-26,69.1,,55.3,1375.0,1195.4,0,18.63,0.555,0.0062,71.85
HSBA.L,Banking,2026-02-27,69.1,,54.6,1393.6,1195.4,0,19.86,0.555,0.0062,74.16
HSBA.L,Banking,2026-03-02,69.1,,47.6,1339.4,1262.6,0,21.44,0.555,0.0062,58.96
HSBA.L,Banking,2026-03-03,69.1,,43.4,1271.0,1272.8,1,23.57,0.555,0.0062,46.11
HSBA.L,Banking,2026-03-04,69.1,,49.5,1248.8,1276.2,1,21.15,0.555,0.0062,42.84
HSBA.L,Banking,2026-03-05,69.1,48.9,43.9,1304.6,1276.2,0,23.75,0.555,0.0062,52.03
HSBA.L,Banking,2026-03-06,69.1,30.0,44.9,1245.0,1276.2,1,29.49,0.555,0.0062,43.91
HSBA.L,Banking,2026-03-09,69.1,25.0,46.1,1239.0,1339.6,1,25.5,0.555,0.0062,43.18
HSBA.L,Banking,2026-03-10,69.1,38.2,45.3,1286.2,1328.6,1,24.93,0.555,0.0062,50.2
HSBA.L,Banking,2026-03-11,69.1,32.9,45.2,1268.8,1340.2,1,24.23,0.555,0.0062,47.85
HSBA.L,Banking,2026-03-12,69.1,20.2,38.4,1201.2,1326.63,1,27.29,0.555,0.0062,40.02
HSBA.L,Banking,2026-03-13,69.1,21.3,42.6,1180.4,1326.63,1,27.19,0.555,0.0062,37.96
TSLA,Electric Vehicles,2026-02-06,26.6,,48.3,411.11,398.68,0,20.37,1.915,,
TSLA,Electric Vehicles,2026-02-09,26.6,,53.5,417.32,407.82,0,17.36,1.915,,
TSLA,Electric Vehicles,2026-02-10,26.6,,41.4,425.21,395.01,0,17.79,1.915,,
TSLA,Electric Vehicles,2026-02-11,26.6,,48.4,428.27,391.2,0,17.65,1.915,,
TSLA,Electric Vehicles,2026-02-12,26.6,,46.9,417.07,395.56,0,20.82,1.915,,
TSLA,Electric Vehicles,2026-02-13,26.6,,53.5,417.44,395.56,0,20.6,1.915,,
TSLA,Electric Vehicles,2026-02-17,26.6,,47.6,410.63,380.3,0,20.29,1.915,,
TSLA,Electric Vehicles,2026-02-18,26.6,,54.8,411.32,367.96,0,19.62,1.915,,
TSLA,Electric Vehicles,2026-02-19,26.6,,50.5,411.71,380.85,0,20.23,1.915,,
TSLA,Electric Vehicles,2026-02-20,26.6,,49.1,411.82,380.85,0,19.09,1.915,,
TSLA,Electric Vehicles,2026-02-23,26.6,,36.4,399.83,385.95,0,21.01,1.915,,
TSLA,Electric Vehicles,2026-02-24,26.6,,33.6,409.38,372.11,0,19.55,1.915,,
TSLA,Electric Vehicles,2026-02-25,26.6,,38.0,417.4,361.83,0,17.93,1.915,,
TSLA,Electric Vehicles,2026-02-26,26.6,,34.7,408.58,371.75,0,18.63,1.915,,67.02
TSLA,Electric Vehicles,2026-02-27,26.6,,35.1,402.51,371.75,0,19.86,1.915,,62.27
TSLA,Electric Vehicles,2026-03-02,26.6,,39.3,403.32,381.26,0,21.44,1.915,,62.65
TSLA,Electric Vehicles,2026-03-03,26.6,,35.4,392.43,360.59,0,23.57,1.915,,54.66
TSLA,Electric Vehicles,2026-03-04,26.6,,40.2,405.94,352.82,0,21.15,1.915,,61.26
TSLA,Electric Vehicles,2026-03-05,26.6,,37.3,405.55,352.82,0,23.75,1.915,,60.98
TSLA,Electric Vehicles,2026-03-06,26.6,36.0,38.1,396.73,352.82,0,29.49,1.915,,54.95
TSLA,Electric Vehicles,2026-03-09,26.6,37.6,30.8,398.68,343.25,0,25.5,1.915,,55.99
TSLA,Electric Vehicles,2026-03-10,26.6,39.1,33.9,399.24,345.62,0,24.93,1.915,,56.3
TSLA,Electric Vehicles,2026-03-11,26.6,54.2,41.7,407.82,348.95,0,24.23,1.915,,60.86
TSLA,Electric Vehicles,2026-03-12,26.6,36.9,37.0,395.01,352.42,0,27.29,1.915,,52.12
TSLA,Electric Vehicles,2026-03-13,26.6,32.5,33.9,391.2,352.42,0,27.19,1.915,,49.82
TM,Automobiles,2026-02-06,39.1,,67.8,244.22,219.53,0,20.37,0.357,,
TM,Automobiles,2026-02-09,39.1,,59.2,242.39,220.77,0,17.36,0.357,,
TM,Automobiles,2026-02-10,39.1,,59.9,238.24,216.59,0,17.79,0.357,,
TM,Automobiles,2026-02-11,39.1,,57.0,242.81,210.84,0,17.65,0.357,,
TM,Automobiles,2026-02-12,39.1,,55.7,241.64,213.23,0,20.82,0.357,,
TM,Automobiles,2026-02-13,39.1,,54.4,248.29,213.23,0,20.6,0.357,,
TM,Automobiles,2026-02-17,39.1,,49.8,245.51,208.93,0,20.29,0.357,,
TM,Automobiles,2026-02-18,39.1,,46.3,243.2,205.02,0,19.62,0.357,,
TM,Automobiles,2026-02-19,39.1,,50.4,241.65,210.64,0,20.23,0.357,,
TM,Automobiles,2026-02-20,39.1,,47.8,239.6,210.64,0,19.09,0.357,,
TM,Automobiles,2026-02-23,39.1,,48.6,238.03,210.93,0,21.01,0.357,,
TM,Automobiles,2026-02-24,39.1,,49.5,238.64,209.93,0,19.55,0.357,,
TM,Automobiles,2026-02-25,39.1,,51.0,241.73,206.73,0,17.93,0.357,,
TM,Automobiles,2026-02-26,39.1,,54.5,242.62,206.09,0,18.63,0.357,,33.69
TM,Automobiles,2026-02-27,39.1,,53.6,242.38,206.09,0,19.86,0.357,,33.41
TM,Automobiles,2026-03-02,39.1,,59.9,243.66,209.67,0,21.44,0.357,,36.51
TM,Automobiles,2026-03-03,39.1,,56.7,232.17,207.01,0,23.57,0.357,,25.17
TM,Automobiles,2026-03-04,39.1,,55.6,232.81,204.42,0,21.15,0.357,,26.54
TM,Automobiles,2026-03-05,39.1,,55.7,221.48,204.42,0,23.75,0.357,,19.67
TM,Automobiles,2026-03-06,39.1,16.7,50.4,219.14,204.42,0,29.49,0.357,,18.6
TM,Automobiles,2026-03-09,39.1,16.1,50.5,219.53,215.0,0,25.5,0.357,,19.39
TM,Automobiles,2026-03-10,39.1,16.0,50.1,221.01,211.14,0,24.93,0.357,,22.45
TM,Automobiles,2026-03-11,39.1,15.9,50.5,220.77,210.64,0,24.23,0.357,,22.31
TM,Automobiles,2026-03-12,39.1,15.6,49.2,216.59,211.06,0,27.29,0.357,,19.85
TM,Automobiles,2026-03-13,39.1,14.8,46.5,210.84,211.06,1,27.19,0.357,,17.07
VOW3.DE,Automobiles,2026-02-09,36.4,,67.4,101.5,91.84,0,17.36,0.985,,
VOW3.DE,Automobiles,2026-02-10,36.4,,63.7,102.6,91.14,0,17.79,0.985,,
VOW3.DE,Automobiles,2026-02-11,36.4,,57.0,103.3,89.5,0,17.65,0.985,,
VOW3.DE,Automobiles,2026-02-12,36.4,,61.1,103.8,88.94,0,20.82,0.985,,
VOW3.DE,Automobiles,2026-02-13,36.4,,59.8,103.1,88.94,0,20.6,0.985,,
VOW3.DE,Automobiles,2026-02-16,36.4,,57.1,102.95,89.52,0,20.6,0.985,,
VOW3.DE,Automobiles,2026-02-17,36.4,,52.2,102.7,86.26,0,20.29,0.985,,
VOW3.DE,Automobiles,2026-02-18,36.4,,47.6,103.65,85.38,0,19.62,0.985,,
VOW3.DE,Automobiles,2026-02-19,36.4,,48.3,101.45,83.48,0,20.23,0.985,,
VOW3.DE,Automobiles,2026-02-20,36.4,,38.4,102.5,83.48,0,19.09,0.985,,
VOW3.DE,Automobiles,2026-02-23,36.4,,32.0,101.85,88.0,0,21.01,0.985,,
VOW3.DE,Automobiles,2026-02-24,36.4,,27.4,101.05,87.08,0,19.55,0.985,,
VOW3.DE,Automobiles,2026-02-25,36.4,,29.2,100.5,86.48,0,17.93,0.985,,62.54
VOW3.DE,Automobiles,2026-02-26,36.4,,30.2,101.05,85.46,0,18.63,0.985,,64.46
VOW3.DE,Automobiles,2026-02-27,36.4,,26.1,101.2,85.46,0,19.86,0.985,,64.98
VOW3.DE,Automobiles,2026-03-02,36.4,,24.1,97.72,87.64,0,21.44,0.985,,47.47
VOW3.DE,Automobiles,2026-03-03,36.4,,22.8,93.8,87.3,0,23.57,0.985,,35.77
VOW3.DE,Automobiles,2026-03-04,36.4,,20.3,94.76,87.42,0,21.15,0.985,,39.69
VOW3.DE,Automobiles,2026-03-05,36.4,23.7,26.4,94.98,87.42,0,23.75,0.985,,40.59
VOW3.DE,Automobiles,2026-03-06,36.4,20.5,28.4,89.98,87.42,0,29.49,0.985,,29.77
VOW3.DE,Automobiles,2026-03-09,36.4,16.1,32.2,88.3,91.06,1,25.5,0.985,,27.16
VOW3.DE,Automobiles,2026-03-10,36.4,17.6,33.4,90.52,88.72,0,24.93,0.985,,35.26
VOW3.DE,Automobiles,2026-03-11,36.4,19.8,37.7,91.84,89.04,0,24.23,0.985,,39.56
VOW3.DE,Automobiles,2026-03-12,36.4,19.3,40.0,91.14,87.68,0,27.29,0.985,,38.11
VOW3.DE,Automobiles,2026-03-13,36.4,20.4,35.0,89.5,87.68,0,27.19,0.985,,34.89
GM,Automobiles,2026-02-06,19.6,,41.8,84.24,74.69,0,20.37,1.345,,
GM,Automobiles,2026-02-09,19.6,,42.3,80.68,74.79,0,17.36,1.345,,
GM,Automobiles,2026-02-10,19.6,,42.1,80.27,73.45,0,17.79,1.345,,
GM,Automobiles,2026-02-11,19.6,,41.7,79.82,72.39,0,17.65,1.345,,
GM,Automobiles,2026-02-12,19.6,,42.0,79.93,72.95,0,20.82,1.345,,
GM,Automobiles,2026-02-13,19.6,,41.8,81.08,72.95,0,20.6,1.345,,
GM,Automobiles,2026-02-17,19.6,,45.7,81.22,73.79,0,20.29,1.345,,
GM,Automobiles,2026-02-18,19.6,,47.1,83.67,72.81,0,19.62,1.345,,
GM,Automobiles,2026-02-19,19.6,,46.6,81.47,75.72,0,20.23,1.345,,
GM,Automobiles,2026-02-20,19.6,,45.7,81.51,75.72,0,19.09,1.345,,
GM,Automobiles,2026-02-23,19.6,,44.6,79.66,76.61,0,21.01,1.345,,
GM,Automobiles,2026-02-24,19.6,,41.9,81.29,75.6,0,19.55,1.345,,
GM,Automobiles,2026-02-25,19.6,,42.9,82.43,72.98,0,17.93,1.345,,
GM,Automobiles,2026-02-26,19.6,,43.6,80.79,74.5,0,18.63,1.345,,15.94
GM,Automobiles,2026-02-27,19.6,,46.4,78.71,74.5,0,19.86,1.345,,14.85
GM,Automobiles,2026-03-02,19.6,,49.6,77.76,75.04,0,21.44,1.345,,14.36
GM,Automobiles,2026-03-03,19.6,,49.1,77.27,72.54,0,23.57,1.345,,14.11
GM,Automobiles,2026-03-04,19.6,,49.8,78.6,73.43,0,21.15,1.345,,18.36
GM,Automobiles,2026-03-05,19.6,,48.2,76.2,73.43,0,23.75,1.345,,16.75
GM,Automobiles,2026-03-06,19.6,14.0,44.4,75.21,73.43,0,29.49,1.345,,16.12
GM,Automobiles,2026-03-09,19.6,13.0,45.3,74.69,76.74,1,25.5,1.345,,15.78
GM,Automobiles,2026-03-10,19.6,13.3,46.6,74.93,76.73,1,24.93,1.345,,16.65
GM,Automobiles,2026-03-11,19.6,13.6,46.4,74.79,76.42,1,24.23,1.345,,16.54
GM,Automobiles,2026-03-12,19.6,12.7,43.8,73.45,76.83,1,27.29,1.345,,15.52
GM,Automobiles,2026-03-13,19.6,12.6,45.3,72.39,76.83,1,27.19,1.345,,14.74
F,Automobiles,2026-02-09,28.1,,37.2,13.59,12.11,0,17.36,1.71,,
F,Automobiles,2026-02-10,28.1,,34.4,13.57,12.04,0,17.79,1.71,,
F,Automobiles,2026-02-11,28.1,,35.6,13.85,11.67,0,17.65,1.71,,
F,Automobiles,2026-02-12,28.1,,34.4,14.0,11.71,0,20.82,1.71,,
F,Automobiles,2026-02-13,28.1,,34.7,14.12,11.71,0,20.6,1.71,,
F,Automobiles,2026-02-17,28.1,,31.2,14.13,11.64,0,20.29,1.71,,
F,Automobiles,2026-02-18,28.1,,31.7,13.85,11.52,0,19.62,1.71,,
F,Automobiles,2026-02-19,28.1,,32.3,13.78,11.76,0,20.23,1.71,,
F,Automobiles,2026-02-20,28.1,,32.1,14.01,11.76,0,19.09,1.71,,
F,Automobiles,2026-02-23,28.1,,32.9,13.64,11.67,0,21.01,1.71,,
F,Automobiles,2026-02-24,28.1,,32.9,14.2,11.6,0,19.55,1.71,,
F,Automobiles,2026-02-25,28.1,,31.9,14.43,11.37,0,17.93,1.71,,
F,Automobiles,2026-02-26,28.1,,31.8,14.41,11.54,0,18.63,1.71,,39.51
F,Automobiles,2026-02-27,28.1,,30.2,14.09,11.54,0,19.86,1.71,,35.33
F,Automobiles,2026-03-02,28.1,,30.7,13.39,11.68,0,21.44,1.71,,28.28
F,Automobiles,2026-03-03,28.1,,29.8,12.7,11.6,0,23.57,1.71,,23.33
F,Automobiles,2026-03-04,28.1,,30.6,12.81,11.61,0,21.15,1.71,,25.57
F,Automobiles,2026-03-05,28.1,,31.8,12.34,11.61,0,23.75,1.71,,22.54
F,Automobiles,2026-03-06,28.1,12.9,31.5,12.15,11.61,0,29.49,1.71,,21.44
F,Automobiles,2026-03-09,28.1,12.4,32.2,12.19,12.18,0,25.5,1.71,,22.3
F,Automobiles,2026-03-10,28.1,12.5,32.9,12.24,12.24,0,24.93,1.71,,23.43
F,Automobiles,2026-03-11,28.1,11.8,34.4,12.11,12.13,1,24.23,1.71,,22.52
F,Automobiles,2026-03-12,28.1,11.6,33.9,12.04,12.16,1,27.29,1.71,,22.02
F,Automobiles,2026-03-13,28.1,10.9,32.3,11.67,12.16,1,27.19,1.71,,19.54
TMPV.NS,Automobiles,2026-02-09,29.3,,47.0,377.4,335.35,0,17.36,0.734,,
TMPV.NS,Automobiles,2026-02-10,29.3,,62.4,379.35,324.55,0,17.79,0.734,,
TMPV.NS,Automobiles,2026-02-11,29.3,,57.5,384.7,314.1,0,17.65,0.734,,
TMPV.NS,Automobiles,2026-02-12,29.3,,58.7,383.45,314.4,0,20.82,0.734,,
TMPV.NS,Automobiles,2026-02-13,29.3,,52.9,380.25,314.4,0,20.6,0.734,,
TMPV.NS,Automobiles,2026-02-16,29.3,,65.9,377.25,324.75,0,20.6,0.734,,
TMPV.NS,Automobiles,2026-02-17,29.3,,63.8,382.85,309.3,0,20.29,0.734,,
TMPV.NS,Automobiles,2026-02-18,29.3,,58.9,382.85,314.1,0,19.62,0.734,,
TMPV.NS,Automobiles,2026-02-19,29.3,,62.0,375.7,305.25,0,20.23,0.734,,
TMPV.NS,Automobiles,2026-02-20,29.3,,66.7,378.0,305.25,0,19.09,0.734,,
TMPV.NS,Automobiles,2026-02-23,29.3,,72.4,379.95,317.95,0,21.01,0.734,,
TMPV.NS,Automobiles,2026-02-24,29.3,,60.0,377.55,303.2,0,19.55,0.734,,
TMPV.NS,Automobiles,2026-02-25,29.3,,64.9,381.85,303.2,0,17.93,0.734,,
TMPV.NS,Automobiles,2026-02-26,29.3,,60.0,391.55,296.2,0,18.63,0.734,,75.66
TMPV.NS,Automobiles,2026-02-27,29.3,,56.7,382.65,296.2,0,19.86,0.734,,62.32
TMPV.NS,Automobiles,2026-03-02,29.3,,60.9,370.6,302.95,0,21.44,0.734,,49.58
TMPV.NS,Automobiles,2026-03-04,29.3,,60.8,351.2,307.4,0,21.15,0.734,,36.6
TMPV.NS,Automobiles,2026-03-05,29.3,,59.2,355.15,307.4,0,23.75,0.734,,40.04
TMPV.NS,Automobiles,2026-03-06,29.3,,64.6,350.75,307.4,0,29.49,0.734,,37.59
TMPV.NS,Automobiles,2026-03-09,29.3,17.4,63.1,332.0,334.75,1,25.5,0.734,,29.36
TMPV.NS,Automobiles,2026-03-10,29.3,17.8,60.2,345.2,333.25,0,24.93,0.734,,39.42
TMPV.NS,Automobiles,2026-03-11,29.3,15.1,55.1,335.35,342.6,1,24.23,0.734,,35.37
TMPV.NS,Automobiles,2026-03-12,29.3,13.4,55.0,324.55,345.5,1,27.29,0.734,,31.55
TMPV.NS,Automobiles,2026-03-13,29.3,14.4,56.6,314.1,345.5,1,27.19,0.734,,28.35
MARUTI.NS,Automobiles,2026-02-09,49.0,,68.9,14978.0,13497.0,0,17.36,0.273,6.7191,
MARUTI.NS,Automobiles,2026-02-10,49.0,,77.9,15146.0,13011.0,0,17.79,0.273,6.7191,
MARUTI.NS,Automobiles,2026-02-11,49.0,,72.5,15412.0,12591.0,0,17.65,0.273,6.7191,
MARUTI.NS,Automobiles,2026-02-12,49.0,,64.1,15326.0,12757.0,0,20.82,0.273,6.7191,
MARUTI.NS,Automobiles,2026-02-13,49.0,,61.6,15237.0,12757.0,0,20.6,0.273,6.7191,
MARUTI.NS,Automobiles,2026-02-16,49.0,,61.2,15051.0,13048.0,0,20.6,0.273,6.7191,
MARUTI.NS,Automobiles,2026-02-17,49.0,,64.6,15179.0,12599.0,0,20.29,0.273,6.7191,
MARUTI.NS,Automobiles,2026-02-18,49.0,,61.9,15164.0,12601.0,0,19.62,0.273,6.7191,
MARUTI.NS,Automobiles,2026-02-19,49.0,,63.2,14903.0,12355.0,0,20.23,0.273,6.7191,
MARUTI.NS,Automobiles,2026-02-20,49.0,,70.6,14977.0,12355.0,0,19.09,0.273,6.7191,
MARUTI.NS,Automobiles,2026-02-23,49.0,,70.2,15072.0,12711.0,0,21.01,0.273,6.7191,
MARUTI.NS,Automobiles,2026-02-24,49.0,,72.2,14926.0,12389.0,0,19.55,0.273,6.7191,
MARUTI.NS,Automobiles,2026-02-25,49.0,,69.4,15070.0,12389.0,0,17.93,0.273,6.7191,46.52
MARUTI.NS,Automobiles,2026-02-26,49.0,,63.6,15213.0,12306.0,0,18.63,0.273,6.7191,52.51
MARUTI.NS,Automobiles,2026-02-27,49.0,,63.8,14857.0,12306.0,0,19.86,0.273,6.7191,40.39
MARUTI.NS,Automobiles,2026-03-02,49.0,,61.9,14388.0,12509.0,0,21.44,0.273,6.7191,30.42
MARUTI.NS,Automobiles,2026-03-04,49.0,,59.9,14158.0,12688.0,0,21.15,0.273,6.7191,26.92
MARUTI.NS,Automobiles,2026-03-05,49.0,,58.5,14415.0,12688.0,0,23.75,0.273,6.7191,35.82
MARUTI.NS,Automobiles,2026-03-06,49.0,19.4,58.4,14159.0,12688.0,0,29.49,0.273,6.7191,31.68
MARUTI.NS,Automobiles,2026-03-09,49.0,18.9,56.2,13508.0,13602.0,1,25.5,0.273,6.7191,24.06
MARUTI.NS,Automobiles,2026-03-10,49.0,17.6,59.6,13867.0,13589.0,0,24.93,0.273,6.7191,33.55
MARUTI.NS,Automobiles,2026-03-12,49.0,14.1,55.7,13011.0,13076.0,1,27.29,0.273,6.7191,25.13
MARUTI.NS,Automobiles,2026-03-13,49.0,15.7,53.8,12591.0,13076.0,1,27.19,0.273,6.7191,22.11
M&M.NS,Automobiles,2026-02-09,47.2,,57.0,3609.6,3168.2,0,17.36,0.402,0.4923,
M&M.NS,Automobiles,2026-02-10,47.2,,67.6,3675.8,3031.2,0,17.79,0.402,0.4923,
M&M.NS,Automobiles,2026-02-11,47.2,,70.1,3674.9,2931.1,0,17.65,0.402,0.4923,
M&M.NS,Automobiles,2026-02-12,47.2,,65.8,3593.1,3036.1,0,20.82,0.402,0.4923,
M&M.NS,Automobiles,2026-02-13,47.2,,63.1,3533.4,3036.1,0,20.6,0.402,0.4923,
M&M.NS,Automobiles,2026-02-16,47.2,,74.1,3509.7,3214.6,0,20.6,0.402,0.4923,
M&M.NS,Automobiles,2026-02-17,47.2,,70.6,3489.2,3045.4,0,20.29,0.402,0.4923,
M&M.NS,Automobiles,2026-02-18,47.2,,68.9,3530.5,3066.1,0,19.62,0.402,0.4923,
M&M.NS,Automobiles,2026-02-19,47.2,,58.8,3431.8,2955.8,0,20.23,0.402,0.4923,
M&M.NS,Automobiles,2026-02-20,47.2,,62.4,3412.8,2955.8,0,19.09,0.402,0.4923,
M&M.NS,Automobiles,2026-02-23,47.2,,63.5,3447.1,3128.1,0,21.01,0.402,0.4923,
M&M.NS,Automobiles,2026-02-24,47.2,,49.8,3433.2,3041.3,0,19.55,0.402,0.4923,
M&M.NS,Automobiles,2026-02-25,47.2,,46.9,3491.3,3041.3,0,17.93,0.402,0.4923,61.58
M&M.NS,Automobiles,2026-02-26,47.2,,45.4,3484.6,2954.7,0,18.63,0.402,0.4923,60.76
M&M.NS,Automobiles,2026-02-27,47.2,,48.2,3397.4,2954.7,0,19.86,0.402,0.4923,51.15
M&M.NS,Automobiles,2026-03-02,47.2,,43.5,3334.3,3031.5,0,21.44,0.402,0.4923,45.54
M&M.NS,Automobiles,2026-03-04,47.2,,41.4,3264.3,3021.6,0,21.15,0.402,0.4923,40.27
M&M.NS,Automobiles,2026-03-05,47.2,,42.4,3348.0,3021.6,0,23.75,0.402,0.4923,48.02
M&M.NS,Automobiles,2026-03-06,47.2,29.5,40.1,3332.5,3021.6,0,29.49,0.402,0.4923,46.81
M&M.NS,Automobiles,2026-03-09,47.2,23.4,39.2,3187.6,3210.1,1,25.5,0.402,0.4923,37.33
M&M.NS,Automobiles,2026-03-10,47.2,26.8,43.1,3293.7,3166.8,0,24.93,0.402,0.4923,45.96
M&M.NS,Automobiles,2026-03-11,47.2,23.0,39.3,3168.2,3259.8,1,24.23,0.402,0.4923,39.1
M&M.NS,Automobiles,2026-03-12,47.2,19.4,46.8,3031.2,3220.2,1,27.29,0.402,0.4923,33.26
M&M.NS,Automobiles,2026-03-13,47.2,17.4,43.1,2931.1,3220.2,1,27.19,0.402,0.4923,29.77
BAJAJ-AUTO.NS,Automobiles,2026-02-09,56.0,,54.9,9590.0,9327.5,0,17.36,0.688,1.2346,
BAJAJ-AUTO.NS,Automobiles,2026-02-10,56.0,,78.4,9774.0,9162.0,0,17.79,0.688,1.2346,
BAJAJ-AUTO.NS,Automobiles,2026-02-11,56.0,,73.4,9869.5,8875.0,0,17.65,0.688,1.2346,
BAJAJ-AUTO.NS,Automobiles,2026-02-12,56.0,,63.1,9840.0,9073.0,0,20.82,0.688,1.2346,
BAJAJ-AUTO.NS,Automobiles,2026-02-13,56.0,,55.6,9760.0,9073.0,0,20.6,0.688,1.2346,
BAJAJ-AUTO.NS,Automobiles,2026-02-16,56.0,,53.5,9697.5,9271.0,0,20.6,0.688,1.2346,
BAJAJ-AUTO.NS,Automobiles,2026-02-17,56.0,,58.8,9826.5,8868.5,0,20.29,0.688,1.2346,
BAJAJ-AUTO.NS,Automobiles,2026-02-18,56.0,,51.5,9980.0,9051.0,0,19.62,0.688,1.2346,
BAJAJ-AUTO.NS,Automobiles,2026-02-19,56.0,,48.1,9729.0,8776.0,0,20.23,0.688,1.2346,
BAJAJ-AUTO.NS,Automobiles,2026-02-20,56.0,,49.3,9807.0,8776.0,0,19.09,0.688,1.2346,
BAJAJ-AUTO.NS,Automobiles,2026-02-23,56.0,,68.1,9905.5,9048.5,0,21.01,0.688,1.2346,
BAJAJ-AUTO.NS,Automobiles,2026-02-24,56.0,,69.8,9829.0,8901.0,0,19.55,0.688,1.2346,
BAJAJ-AUTO.NS,Automobiles,2026-02-25,56.0,,56.9,10097.0,8901.0,0,17.93,0.688,1.2346,76.33
BAJAJ-AUTO.NS,Automobiles,2026-02-26,56.0,,55.7,10110.0,8781.5,0,18.63,0.688,1.2346,76.55
BAJAJ-AUTO.NS,Automobiles,2026-02-27,56.0,,48.1,9972.5,8781.5,0,19.86,0.688,1.2346,69.24
BAJAJ-AUTO.NS,Automobiles,2026-03-02,56.0,,44.1,9776.0,8895.5,0,21.44,0.688,1.2346,60.37
BAJAJ-AUTO.NS,Automobiles,2026-03-04,56.0,,32.0,9652.5,8942.5,0,21.15,0.688,1.2346,55.55
BAJAJ-AUTO.NS,Automobiles,2026-03-05,56.0,,39.0,9804.5,8942.5,0,23.75,0.688,1.2346,59.8
BAJAJ-AUTO.NS,Automobiles,2026-03-06,56.0,54.8,41.1,9816.0,8942.5,0,29.49,0.688,1.2346,60.11
BAJAJ-AUTO.NS,Automobiles,2026-03-09,56.0,28.0,42.3,9383.0,9366.0,0,25.5,0.688,1.2346,45.76
BAJAJ-AUTO.NS,Automobiles,2026-03-10,56.0,40.2,54.7,9610.0,9517.0,0,24.93,0.688,1.2346,52.21
BAJAJ-AUTO.NS,Automobiles,2026-03-11,56.0,28.3,44.6,9327.5,9813.5,1,24.23,0.688,1.2346,45.04
BAJAJ-AUTO.NS,Automobiles,2026-03-12,56.0,21.8,42.4,9162.0,9816.0,1,27.29,0.688,1.2346,41.45
BAJAJ-AUTO.NS,Automobiles,2026-03-13,56.0,18.0,31.7,8875.0,9816.0,1,27.19,0.688,1.2346,36.07
1211.HK,Electric Vehicles,2026-02-09,19.0,,60.1,93.55,98.15,1,17.36,0.325,,
1211.HK,Electric Vehicles,2026-02-10,19.0,,60.3,95.8,98.2,1,17.79,0.325,,
1211.HK,Electric Vehicles,2026-02-11,19.0,,63.3,99.15,96.75,0,17.65,0.325,,
1211.HK,Electric Vehicles,2026-02-12,19.0,,62.0,98.55,104.3,1,20.82,0.325,,
1211.HK,Electric Vehicles,2026-02-13,19.0,,54.7,97.75,104.3,1,20.6,0.325,,
1211.HK,Electric Vehicles,2026-02-16,19.0,,53.8,97.85,102.2,1,20.6,0.325,,
1211.HK,Electric Vehicles,2026-02-20,19.0,,46.2,95.45,102.4,1,19.09,0.325,,
1211.HK,Electric Vehicles,2026-02-23,19.0,,51.2,100.1,106.4,1,21.01,0.325,,
1211.HK,Electric Vehicles,2026-02-24,19.0,,55.3,99.35,102.7,1,19.55,0.325,,
1211.HK,Electric Vehicles,2026-02-25,19.0,,60.1,98.75,106.5,1,17.93,0.325,,
1211.HK,Electric Vehicles,2026-02-26,19.0,,66.9,94.95,105.8,1,18.63,0.325,,
1211.HK,Electric Vehicles,2026-02-27,19.0,,70.6,94.95,105.8,1,19.86,0.325,,
1211.HK,Electric Vehicles,2026-03-02,19.0,,70.0,99.1,104.7,1,21.44,0.325,,72.26
1211.HK,Electric Vehicles,2026-03-03,19.0,,64.9,96.2,103.9,1,23.57,0.325,,63.88
1211.HK,Electric Vehicles,2026-03-04,19.0,,58.2,95.05,106.8,1,21.15,0.325,,60.87
1211.HK,Electric Vehicles,2026-03-05,19.0,,58.0,92.6,106.8,1,23.75,0.325,,54.92
1211.HK,Electric Vehicles,2026-03-06,19.0,,57.9,94.7,106.8,1,29.49,0.325,,58.65
1211.HK,Electric Vehicles,2026-03-09,19.0,,56.0,98.05,106.8,1,25.5,0.325,,63.8
1211.HK,Electric Vehicles,2026-03-10,19.0,50.0,56.7,96.95,101.8,1,24.93,0.325,,61.11
1211.HK,Electric Vehicles,2026-03-11,19.0,56.1,58.9,98.15,105.1,1,24.23,0.325,,62.94
1211.HK,Electric Vehicles,2026-03-12,19.0,58.1,64.1,98.2,110.3,1,27.29,0.325,,63.02
1211.HK,Electric Vehicles,2026-03-13,19.0,50.6,63.6,96.75,110.3,1,27.19,0.325,,59.12
RIVN,Electric Vehicles,2026-02-06,0.0,,77.3,14.8,15.87,1,20.37,1.691,,
RIVN,Electric Vehicles,2026-02-09,0.0,,63.9,14.69,16.65,1,17.36,1.691,,
RIVN,Electric Vehicles,2026-02-10,0.0,,64.7,14.96,15.3,1,17.79,1.691,,
RIVN,Electric Vehicles,2026-02-11,0.0,,58.0,14.76,14.86,1,17.65,1.691,,
RIVN,Electric Vehicles,2026-02-12,0.0,,62.8,14.0,15.33,1,20.82,1.691,,
RIVN,Electric Vehicles,2026-02-13,0.0,,65.5,17.73,15.33,0,20.6,1.691,,
RIVN,Electric Vehicles,2026-02-17,0.0,,62.7,16.47,16.12,0,20.29,1.691,,
RIVN,Electric Vehicles,2026-02-18,0.0,,59.9,16.15,14.91,0,19.62,1.691,,
RIVN,Electric Vehicles,2026-02-19,0.0,,60.7,15.59,15.77,1,20.23,1.691,,
RIVN,Electric Vehicles,2026-02-20,0.0,,58.1,15.27,15.77,1,19.09,1.691,,
RIVN,Electric Vehicles,2026-02-23,0.0,,49.4,14.96,15.62,1,21.01,1.691,,
RIVN,Electric Vehicles,2026-02-24,0.0,,45.7,15.12,15.21,1,19.55,1.691,,
RIVN,Electric Vehicles,2026-02-25,0.0,,48.2,15.25,14.77,0,17.93,1.691,,
RIVN,Electric Vehicles,2026-02-26,0.0,,51.7,15.61,15.05,0,18.63,1.691,,48.73
RIVN,Electric Vehicles,2026-02-27,0.0,,55.0,15.33,15.05,0,19.86,1.691,,46.3
RIVN,Electric Vehicles,2026-03-02,0.0,,66.4,15.01,14.94,0,21.44,1.691,,43.62
RIVN,Electric Vehicles,2026-03-03,0.0,,63.5,15.1,15.4,1,23.57,1.691,,44.59
RIVN,Electric Vehicles,2026-03-04,0.0,,60.0,14.92,15.29,1,21.15,1.691,,43.0
RIVN,Electric Vehicles,2026-03-05,0.0,,58.3,15.19,15.29,1,23.75,1.691,,46.11
RIVN,Electric Vehicles,2026-03-06,0.0,35.5,51.9,15.37,15.29,0,29.49,1.691,,48.14
RIVN,Electric Vehicles,2026-03-09,0.0,56.0,45.2,15.87,15.14,0,25.5,1.691,,53.4
RIVN,Electric Vehicles,2026-03-10,0.0,73.8,44.9,16.54,15.24,0,24.93,1.691,,59.35
RIVN,Electric Vehicles,2026-03-11,0.0,73.6,50.6,16.65,15.43,0,24.23,1.691,,60.24
RIVN,Electric Vehicles,2026-03-12,0.0,42.7,51.9,15.3,15.9,1,27.29,1.691,,46.64
RIVN,Electric Vehicles,2026-03-13,0.0,23.7,49.8,14.86,15.9,1,27.19,1.691,,43.22
XOM,Oil & Gas,2026-02-09,44.7,,67.6,151.21,151.58,1,17.36,0.288,,
XOM,Oil & Gas,2026-02-10,44.7,,67.1,151.59,153.53,1,17.79,0.288,,
XOM,Oil & Gas,2026-02-11,44.7,,65.8,155.56,156.12,1,17.65,0.288,,
XOM,Oil & Gas,2026-02-12,44.7,,67.1,149.93,157.23,1,20.82,0.288,,
XOM,Oil & Gas,2026-02-13,44.7,,64.0,148.45,157.23,1,20.6,0.288,,
XOM,Oil & Gas,2026-02-17,44.7,,67.8,146.19,158.16,1,20.29,0.288,,
XOM,Oil & Gas,2026-02-18,44.7,,67.6,150.68,159.67,1,19.62,0.288,,
XOM,Oil & Gas,2026-02-19,44.7,,68.2,150.97,161.13,1,20.23,0.288,,
XOM,Oil & Gas,2026-02-20,44.7,,64.7,147.28,161.13,1,19.09,0.288,,
XOM,Oil & Gas,2026-02-23,44.7,,60.2,150.76,163.26,1,21.01,0.288,,
XOM,Oil & Gas,2026-02-24,44.7,,55.2,149.26,165.43,1,19.55,0.288,,
XOM,Oil & Gas,2026-02-25,44.7,,46.7,149.06,170.99,1,17.93,0.288,,
XOM,Oil & Gas,2026-02-26,44.7,,44.2,148.54,169.66,1,18.63,0.288,,67.51
XOM,Oil & Gas,2026-02-27,44.7,,41.8,152.5,169.66,1,19.86,0.288,,71.53
XOM,Oil & Gas,2026-03-02,44.7,,38.7,154.22,160.78,1,21.44,0.288,,73.09
XOM,Oil & Gas,2026-03-03,44.7,,44.3,151.83,160.69,1,23.57,0.288,,67.56
XOM,Oil & Gas,2026-03-04,44.7,,50.2,149.82,163.37,1,21.15,0.288,,63.22
XOM,Oil & Gas,2026-03-05,44.7,,55.6,150.76,163.37,1,23.75,0.288,,64.37
XOM,Oil & Gas,2026-03-06,44.7,63.2,54.2,151.21,163.37,1,29.49,0.288,,64.94
XOM,Oil & Gas,2026-03-09,44.7,59.8,56.5,150.44,156.22,1,25.5,0.288,,63.09
XOM,Oil & Gas,2026-03-10,44.7,50.0,65.4,148.13,155.04,1,24.93,0.288,,57.78
XOM,Oil & Gas,2026-03-11,44.7,60.8,64.5,151.58,152.51,1,24.23,0.288,,62.81
XOM,Oil & Gas,2026-03-12,44.7,68.6,63.3,153.53,152.64,0,27.29,0.288,,65.33
XOM,Oil & Gas,2026-03-13,44.7,75.9,59.4,156.12,152.64,0,27.19,0.288,,68.39
CVX,Oil & Gas,2026-02-06,32.9,,54.1,180.86,189.44,1,20.37,0.587,,
CVX,Oil & Gas,2026-02-09,32.9,,58.7,182.6,191.79,1,17.36,0.587,,
CVX,Oil & Gas,2026-02-10,32.9,,62.7,182.26,196.97,1,17.79,0.587,,
CVX,Oil & Gas,2026-02-11,32.9,,67.2,185.82,196.82,1,17.65,0.587,,
CVX,Oil & Gas,2026-02-12,32.9,,64.3,182.4,196.84,1,20.82,0.587,,
CVX,Oil & Gas,2026-02-13,32.9,,64.3,183.74,196.84,1,20.6,0.587,,
CVX,Oil & Gas,2026-02-17,32.9,,61.0,180.55,201.44,1,20.29,0.587,,
CVX,Oil & Gas,2026-02-18,32.9,,59.3,183.87,201.73,1,19.62,0.587,,
CVX,Oil & Gas,2026-02-19,32.9,,55.8,184.78,205.21,1,20.23,0.587,,
CVX,Oil & Gas,2026-02-20,32.9,,53.6,183.93,205.21,1,19.09,0.587,,
CVX,Oil & Gas,2026-02-23,32.9,,55.3,184.91,205.15,1,21.01,0.587,,
CVX,Oil & Gas,2026-02-24,32.9,,45.5,185.34,207.79,1,19.55,0.587,,
CVX,Oil & Gas,2026-02-25,32.9,,43.9,184.22,211.15,1,17.93,0.587,,
CVX,Oil & Gas,2026-02-26,32.9,,42.8,184.16,206.9,1,18.63,0.587,,74.71
CVX,Oil & Gas,2026-02-27,32.9,,45.8,186.76,206.9,1,19.86,0.587,,77.58
CVX,Oil & Gas,2026-03-02,32.9,,42.6,189.6,197.41,1,21.44,0.587,,80.22
CVX,Oil & Gas,2026-03-03,32.9,,41.4,188.77,198.97,1,23.57,0.587,,77.35
CVX,Oil & Gas,2026-03-04,32.9,,46.7,186.03,198.86,1,21.15,0.587,,68.64
CVX,Oil & Gas,2026-03-05,32.9,,44.1,189.9,198.86,1,23.75,0.587,,73.23
CVX,Oil & Gas,2026-03-06,32.9,76.7,40.7,189.94,198.86,1,29.49,0.587,,73.27
CVX,Oil & Gas,2026-03-09,32.9,75.9,38.2,189.44,192.89,1,25.5,0.587,,71.7
CVX,Oil & Gas,2026-03-10,32.9,65.9,42.5,186.29,190.36,1,24.93,0.587,,62.61
CVX,Oil & Gas,2026-03-11,32.9,75.6,41.5,191.79,188.55,0,24.23,0.587,,69.81
CVX,Oil & Gas,2026-03-12,32.9,84.8,44.7,196.97,191.78,0,27.29,0.587,,74.74
CVX,Oil & Gas,2026-03-13,32.9,83.0,48.3,196.82,191.78,0,27.19,0.587,,74.36
BP,Oil & Gas,2026-02-06,17.8,,58.2,39.01,40.65,1,20.37,-0.195,,
BP,Oil & Gas,2026-02-09,17.8,,56.5,39.22,41.56,1,17.36,-0.195,,
BP,Oil & Gas,2026-02-10,17.8,,49.2,36.97,42.16,1,17.79,-0.195,,
BP,Oil & Gas,2026-02-11,17.8,,49.5,38.55,42.67,1,17.65,-0.195,,
BP,Oil & Gas,2026-02-12,17.8,,45.7,37.19,42.9,1,20.82,-0.195,,
BP,Oil & Gas,2026-02-13,17.8,,49.6,37.66,42.9,1,20.6,-0.195,,
BP,Oil & Gas,2026-02-17,17.8,,42.1,37.56,45.86,1,20.29,-0.195,,
BP,Oil & Gas,2026-02-18,17.8,,47.0,38.53,44.78,1,19.62,-0.195,,
BP,Oil & Gas,2026-02-19,17.8,,48.1,39.01,43.57,1,20.23,-0.195,,
BP,Oil & Gas,2026-02-20,17.8,,49.9,38.18,43.57,1,19.09,-0.195,,
BP,Oil & Gas,2026-02-23,17.8,,46.0,38.41,45.41,1,21.01,-0.195,,
BP,Oil & Gas,2026-02-24,17.8,,49.5,38.3,46.17,1,19.55,-0.195,,
BP,Oil & Gas,2026-02-25,17.8,,51.5,38.09,46.68,1,17.93,-0.195,,
BP,Oil & Gas,2026-02-26,17.8,,52.0,37.99,47.0,1,18.63,-0.195,,54.89
BP,Oil & Gas,2026-02-27,17.8,,49.4,38.86,47.0,1,19.86,-0.195,,60.88
BP,Oil & Gas,2026-03-02,17.8,,50.7,39.47,46.17,1,21.44,-0.195,,64.44
BP,Oil & Gas,2026-03-03,17.8,,50.1,38.86,47.12,1,23.57,-0.195,,58.68
BP,Oil & Gas,2026-03-04,17.8,,48.2,38.84,47.48,1,21.15,-0.195,,58.5
BP,Oil & Gas,2026-03-05,17.8,,47.4,39.3,47.48,1,23.75,-0.195,,61.5
BP,Oil & Gas,2026-03-06,17.8,85.0,43.6,40.44,47.48,1,29.49,-0.195,,67.73
BP,Oil & Gas,2026-03-09,17.8,86.6,47.5,40.65,45.89,1,25.5,-0.195,,68.73
BP,Oil & Gas,2026-03-10,17.8,79.8,46.3,39.94,45.9,1,24.93,-0.195,,61.74
BP,Oil & Gas,2026-03-11,17.8,84.1,47.4,41.56,46.44,1,24.23,-0.195,,69.39
BP,Oil & Gas,2026-03-12,17.8,85.4,49.4,42.16,46.44,1,27.29,-0.195,,71.65
BP,Oil & Gas,2026-03-13,17.8,85.8,47.9,42.67,46.44,1,27.19,-0.195,,73.44
SHEL,Energy,2026-02-06,59.7,,32.3,75.29,85.59,1,20.37,-0.208,0.0403,
SHEL,Energy,2026-02-09,59.7,,42.5,77.8,87.4,1,17.36,-0.208,0.0403,
SHEL,Energy,2026-02-10,59.7,,48.7,77.9,88.36,1,17.79,-0.208,0.0403,
SHEL,Energy,2026-02-11,59.7,,47.0,80.23,89.43,1,17.65,-0.208,0.0403,
SHEL,Energy,2026-02-12,59.7,,47.7,78.22,90.48,1,20.82,-0.208,0.0403,
SHEL,Energy,2026-02-13,59.7,,51.5,78.77,90.48,1,20.6,-0.208,0.0403,
SHEL,Energy,2026-02-17,59.7,,45.4,77.94,91.19,1,20.29,-0.208,0.0403,
SHEL,Energy,2026-02-18,59.7,,40.7,79.87,90.44,1,19.62,-0.208,0.0403,
SHEL,Energy,2026-02-19,59.7,,45.0,79.64,90.71,1,20.23,-0.208,0.0403,
SHEL,Energy,2026-02-20,59.7,,42.8,79.78,90.71,1,19.09,-0.208,0.0403,
SHEL,Energy,2026-02-23,59.7,,33.1,79.97,91.88,1,21.01,-0.208,0.0403,
SHEL,Energy,2026-02-24,59.7,,39.5,80.78,92.16,1,19.55,-0.208,0.0403,
SHEL,Energy,2026-02-25,59.7,,37.1,82.28,92.17,1,17.93,-0.208,0.0403,
SHEL,Energy,2026-02-26,59.7,,34.8,81.18,93.0,1,18.63,-0.208,0.0403,87.49
SHEL,Energy,2026-02-27,59.7,,37.1,83.51,93.0,1,19.86,-0.208,0.0403,88.75
SHEL,Energy,2026-03-02,59.7,,43.4,84.22,92.03,1,21.44,-0.208,0.0403,89.12
SHEL,Energy,2026-03-03,59.7,,44.0,82.33,93.1,1,23.57,-0.208,0.0403,81.59
SHEL,Energy,2026-03-04,59.7,,39.6,82.7,93.64,1,21.15,-0.208,0.0403,81.92
SHEL,Energy,2026-03-05,59.7,,44.3,82.94,93.64,1,23.75,-0.208,0.0403,82.13
SHEL,Energy,2026-03-06,59.7,88.1,45.5,84.7,93.64,1,29.49,-0.208,0.0403,83.69
SHEL,Energy,2026-03-09,59.7,89.3,42.5,85.59,94.15,1,25.5,-0.208,0.0403,84.43
SHEL,Energy,2026-03-10,59.7,85.4,43.1,85.11,91.09,1,24.93,-0.208,0.0403,82.26
SHEL,Energy,2026-03-11,59.7,87.3,45.6,87.4,92.21,1,24.23,-0.208,0.0403,84.33
SHEL,Energy,2026-03-12,59.7,88.2,46.0,88.36,92.6,1,27.29,-0.208,0.0403,85.11
SHEL,Energy,2026-03-13,59.7,88.7,42.5,89.43,92.6,1,27.19,-0.208,0.0403,85.95
2222.SR,Oil & Gas,2026-02-08,60.9,,35.3,25.5,26.7,1,20.37,-0.01,,
2222.SR,Oil & Gas,2026-02-09,60.9,,45.6,25.56,27.04,1,17.36,-0.01,,
2222.SR,Oil & Gas,2026-02-10,60.9,,49.6,25.72,26.86,1,17.79,-0.01,,
2222.SR,Oil & Gas,2026-02-11,60.9,,58.0,25.82,26.7,1,17.65,-0.01,,
2222.SR,Oil & Gas,2026-02-12,60.9,,52.3,26.0,26.7,1,20.82,-0.01,,
2222.SR,Oil & Gas,2026-02-15,60.9,,53.0,25.84,26.58,1,20.6,-0.01,,
2222.SR,Oil & Gas,2026-02-16,60.9,,53.8,25.62,26.58,1,20.6,-0.01,,
2222.SR,Oil & Gas,2026-02-17,60.9,,54.4,25.38,26.58,1,20.29,-0.01,,
2222.SR,Oil & Gas,2026-02-18,60.9,,59.2,25.5,26.58,1,19.62,-0.01,,
2222.SR,Oil & Gas,2026-02-19,60.9,,54.7,25.7,26.58,1,20.23,-0.01,,
2222.SR,Oil & Gas,2026-02-23,60.9,,69.9,25.78,26.84,1,21.01,-0.01,,
2222.SR,Oil & Gas,2026-02-24,60.9,,77.6,25.8,27.0,1,19.55,-0.01,,
2222.SR,Oil & Gas,2026-02-25,60.9,,79.6,25.74,27.04,1,17.93,-0.01,,
2222.SR,Oil & Gas,2026-02-26,60.9,,77.6,24.96,27.04,1,18.63,-0.01,,41.82
2222.SR,Oil & Gas,2026-03-01,60.9,,71.1,25.58,27.52,1,19.86,-0.01,,55.97
2222.SR,Oil & Gas,2026-03-02,60.9,,65.2,26.0,27.52,1,21.44,-0.01,,62.6
2222.SR,Oil & Gas,2026-03-03,60.9,,59.5,26.7,27.6,1,23.57,-0.01,,70.56
2222.SR,Oil & Gas,2026-03-04,60.9,,52.3,26.52,27.54,1,21.15,-0.01,,66.63
2222.SR,Oil & Gas,2026-03-05,60.9,,46.6,25.88,27.54,1,23.75,-0.01,,54.93
2222.SR,Oil & Gas,2026-03-08,60.9,84.1,40.7,27.0,27.62,1,29.49,-0.01,,66.14
2222.SR,Oil & Gas,2026-03-09,60.9,84.5,40.5,27.06,26.98,0,25.5,-0.01,,66.62
2222.SR,Oil & Gas,2026-03-10,60.9,77.1,40.9,26.7,27.2,1,24.93,-0.01,,61.04
2222.SR,Oil & Gas,2026-03-11,60.9,82.0,36.8,27.04,27.16,1,24.23,-0.01,,64.1
2222.SR,Oil & Gas,2026-03-12,60.9,78.7,38.4,26.86,27.16,1,27.29,-0.01,,61.35
2222.SR,Oil & Gas,2026-03-15,60.9,71.6,37.5,26.7,27.38,1,27.19,-0.01,,58.93
ONGC.NS,Oil & Gas,2026-02-09,59.2,,93.0,266.6,270.75,1,17.36,0.191,0.5868,
ONGC.NS,Oil & Gas,2026-02-10,59.2,,92.4,272.15,270.55,0,17.79,0.191,0.5868,
ONGC.NS,Oil & Gas,2026-02-11,59.2,,84.9,274.6,264.1,0,17.65,0.191,0.5868,
ONGC.NS,Oil & Gas,2026-02-12,59.2,,76.7,276.35,260.45,0,20.82,0.191,0.5868,
ONGC.NS,Oil & Gas,2026-02-13,59.2,,66.7,267.4,260.45,0,20.6,0.191,0.5868,
ONGC.NS,Oil & Gas,2026-02-16,59.2,,60.2,271.55,265.0,0,20.6,0.191,0.5868,
ONGC.NS,Oil & Gas,2026-02-17,59.2,,54.7,271.85,269.1,0,20.29,0.191,0.5868,
ONGC.NS,Oil & Gas,2026-02-18,59.2,,43.2,264.6,265.4,1,19.62,0.191,0.5868,
ONGC.NS,Oil & Gas,2026-02-19,59.2,,35.5,274.65,265.45,0,20.23,0.191,0.5868,
ONGC.NS,Oil & Gas,2026-02-20,59.2,,39.6,278.65,265.45,0,19.09,0.191,0.5868,
ONGC.NS,Oil & Gas,2026-02-23,59.2,,42.6,275.65,270.2,0,21.01,0.191,0.5868,
ONGC.NS,Oil & Gas,2026-02-24,59.2,,45.4,276.5,281.95,1,19.55,0.191,0.5868,
ONGC.NS,Oil & Gas,2026-02-25,59.2,,49.6,277.45,281.95,1,17.93,0.191,0.5868,42.92
ONGC.NS,Oil & Gas,2026-02-26,59.2,,49.7,280.1,284.65,1,18.63,0.191,0.5868,46.28
ONGC.NS,Oil & Gas,2026-02-27,59.2,,54.9,279.7,284.65,1,19.86,0.191,0.5868,45.84
ONGC.NS,Oil & Gas,2026-03-02,59.2,,50.2,282.2,288.05,1,21.44,0.191,0.5868,49.09
ONGC.NS,Oil & Gas,2026-03-04,59.2,,40.9,276.95,281.85,1,21.15,0.191,0.5868,43.23
ONGC.NS,Oil & Gas,2026-03-05,59.2,,33.1,276.35,281.85,1,23.75,0.191,0.5868,42.6
ONGC.NS,Oil & Gas,2026-03-06,59.2,56.0,31.7,278.95,281.85,1,29.49,0.191,0.5868,46.24
ONGC.NS,Oil & Gas,2026-03-09,59.2,34.6,30.3,270.8,285.5,1,25.5,0.191,0.5868,38.1
ONGC.NS,Oil & Gas,2026-03-10,59.2,25.0,28.1,269.2,288.6,1,24.93,0.191,0.5868,36.73
ONGC.NS,Oil & Gas,2026-03-11,59.2,26.7,24.8,270.75,286.5,1,24.23,0.191,0.5868,39.01
ONGC.NS,Oil & Gas,2026-03-12,59.2,26.6,31.5,270.55,287.55,1,27.29,0.191,0.5868,38.82
ONGC.NS,Oil & Gas,2026-03-13,59.2,18.7,35.1,264.1,287.55,1,27.19,0.191,0.5868,33.09
IOC.NS,Oil & Gas,2026-02-06,64.6,,50.0,175.2,161.22,0,20.37,0.943,0.0106,
IOC.NS,Oil & Gas,2026-02-09,64.6,,39.5,176.16,160.63,0,17.36,0.943,0.0106,
IOC.NS,Oil & Gas,2026-02-10,64.6,,50.9,178.21,160.16,0,17.79,0.943,0.0106,
IOC.NS,Oil & Gas,2026-02-11,64.6,,50.2,181.31,156.54,0,17.65,0.943,0.0106,
IOC.NS,Oil & Gas,2026-02-12,64.6,,46.9,178.11,148.96,0,20.82,0.943,0.0106,
IOC.NS,Oil & Gas,2026-02-13,64.6,,50.9,176.77,148.96,0,20.6,0.943,0.0106,
IOC.NS,Oil & Gas,2026-02-16,64.6,,52.7,175.15,148.27,0,20.6,0.943,0.0106,
IOC.NS,Oil & Gas,2026-02-17,64.6,,52.1,175.81,142.73,0,20.29,0.943,0.0106,
IOC.NS,Oil & Gas,2026-02-18,64.6,,48.4,178.74,144.6,0,19.62,0.943,0.0106,
IOC.NS,Oil & Gas,2026-02-19,64.6,,57.8,174.3,138.11,0,20.23,0.943,0.0106,
IOC.NS,Oil & Gas,2026-02-20,64.6,,66.8,173.79,138.11,0,19.09,0.943,0.0106,
IOC.NS,Oil & Gas,2026-02-23,64.6,,61.1,176.46,140.52,0,21.01,0.943,0.0106,
IOC.NS,Oil & Gas,2026-02-24,64.6,,59.3,180.19,137.76,0,19.55,0.943,0.0106,
IOC.NS,Oil & Gas,2026-02-25,64.6,,58.1,183.03,137.76,0,17.93,0.943,0.0106,72.88
IOC.NS,Oil & Gas,2026-02-26,64.6,,53.8,186.47,135.4,0,18.63,0.943,0.0106,76.26
IOC.NS,Oil & Gas,2026-02-27,64.6,,41.9,187.47,135.4,0,19.86,0.943,0.0106,77.15
IOC.NS,Oil & Gas,2026-03-02,64.6,,33.3,179.11,135.72,0,21.44,0.943,0.0106,57.65
IOC.NS,Oil & Gas,2026-03-04,64.6,,28.4,170.44,134.05,0,21.15,0.943,0.0106,44.96
IOC.NS,Oil & Gas,2026-03-05,64.6,,28.9,171.54,134.05,0,23.75,0.943,0.0106,46.57
IOC.NS,Oil & Gas,2026-03-06,64.6,23.6,34.8,168.68,134.05,0,29.49,0.943,0.0106,43.05
IOC.NS,Oil & Gas,2026-03-09,64.6,20.4,41.2,161.22,143.35,0,25.5,0.943,0.0106,35.51
IOC.NS,Oil & Gas,2026-03-10,64.6,15.7,38.3,159.94,141.67,0,24.93,0.943,0.0106,34.4
IOC.NS,Oil & Gas,2026-03-11,64.6,16.0,39.1,160.63,142.96,0,24.23,0.943,0.0106,35.57
IOC.NS,Oil & Gas,2026-03-12,64.6,16.1,39.4,160.16,141.08,0,27.29,0.943,0.0106,35.11
IOC.NS,Oil & Gas,2026-03-13,64.6,14.5,37.5,156.54,141.08,0,27.19,0.943,0.0106,31.71
NTPC.NS,Power Generation,2026-02-06,44.0,,4.0,365.05,376.25,1,20.37,0.298,,
NTPC.NS,Power Generation,2026-02-09,44.0,,73.1,361.9,379.9,1,17.36,0.298,,
NTPC.NS,Power Generation,2026-02-11,44.0,,62.4,368.45,384.45,1,17.65,0.298,,
NTPC.NS,Power Generation,2026-02-12,44.0,,47.5,368.25,382.4,1,20.82,0.298,,
NTPC.NS,Power Generation,2026-02-13,44.0,,53.5,363.0,382.4,1,20.6,0.298,,
NTPC.NS,Power Generation,2026-02-16,44.0,,60.9,369.1,378.5,1,20.6,0.298,,
NTPC.NS,Power Generation,2026-02-17,44.0,,46.6,368.4,374.05,1,20.29,0.298,,
NTPC.NS,Power Generation,2026-02-18,44.0,,50.5,368.4,380.95,1,19.62,0.298,,
NTPC.NS,Power Generation,2026-02-19,44.0,,48.1,363.2,372.4,1,20.23,0.298,,
NTPC.NS,Power Generation,2026-02-20,44.0,,59.1,372.95,372.4,0,19.09,0.298,,
NTPC.NS,Power Generation,2026-02-23,44.0,,58.6,375.45,378.4,1,21.01,0.298,,
NTPC.NS,Power Generation,2026-02-24,44.0,,50.9,382.75,375.65,0,19.55,0.298,,
NTPC.NS,Power Generation,2026-02-25,44.0,,53.2,384.9,375.65,0,17.93,0.298,,50.03
NTPC.NS,Power Generation,2026-02-26,44.0,,41.2,381.9,370.65,0,18.63,0.298,,47.05
NTPC.NS,Power Generation,2026-02-27,44.0,,44.0,381.9,370.65,0,19.86,0.298,,47.05
NTPC.NS,Power Generation,2026-03-02,44.0,,33.4,377.55,364.65,0,21.44,0.298,,42.76
NTPC.NS,Power Generation,2026-03-04,44.0,,25.6,365.8,366.1,1,21.15,0.298,,33.79
NTPC.NS,Power Generation,2026-03-05,44.0,,30.7,378.05,366.1,0,23.75,0.298,,46.41
NTPC.NS,Power Generation,2026-03-06,44.0,59.8,34.9,380.6,366.1,0,29.49,0.298,,48.6
NTPC.NS,Power Generation,2026-03-09,44.0,51.4,43.7,376.25,374.15,0,25.5,0.298,,45.2
NTPC.NS,Power Generation,2026-03-10,44.0,51.2,48.7,377.3,378.65,1,24.93,0.298,,46.18
NTPC.NS,Power Generation,2026-03-11,44.0,55.2,42.4,379.9,380.15,1,24.23,0.298,,48.63
NTPC.NS,Power Generation,2026-03-12,44.0,74.3,45.8,390.55,386.25,0,27.29,0.298,,57.21
NTPC.NS,Power Generation,2026-03-13,44.0,67.2,44.5,384.45,386.25,1,27.19,0.298,,51.87
POWERGRID.NS,Power Transmission,2026-02-09,50.9,,89.0,289.75,298.8,1,17.36,0.216,2.2935,
POWERGRID.NS,Power Transmission,2026-02-10,50.9,,90.0,294.35,303.6,1,17.79,0.216,2.2935,
POWERGRID.NS,Power Transmission,2026-02-11,50.9,,90.0,294.45,300.95,1,17.65,0.216,2.2935,
POWERGRID.NS,Power Transmission,2026-02-12,50.9,,87.7,293.9,297.75,1,20.82,0.216,2.2935,
POWERGRID.NS,Power Transmission,2026-02-13,50.9,,84.3,287.2,297.75,1,20.6,0.216,2.2935,
POWERGRID.NS,Power Transmission,2026-02-16,50.9,,82.6,300.5,299.4,0,20.6,0.216,2.2935,
POWERGRID.NS,Power Transmission,2026-02-17,50.9,,76.1,300.75,296.7,0,20.29,0.216,2.2935,
POWERGRID.NS,Power Transmission,2026-02-18,50.9,,76.8,300.55,297.6,0,19.62,0.216,2.2935,
POWERGRID.NS,Power Transmission,2026-02-19,50.9,,78.7,294.65,302.1,1,20.23,0.216,2.2935,
POWERGRID.NS,Power Transmission,2026-02-20,50.9,,80.2,298.95,302.1,1,19.09,0.216,2.2935,
POWERGRID.NS,Power Transmission,2026-02-23,50.9,,82.1,303.35,295.0,0,21.01,0.216,2.2935,
POWERGRID.NS,Power Transmission,2026-02-24,50.9,,81.4,304.8,295.5,0,19.55,0.216,2.2935,
POWERGRID.NS,Power Transmission,2026-02-25,50.9,,85.8,307.25,295.5,0,17.93,0.216,2.2935,45.13
POWERGRID.NS,Power Transmission,2026-02-26,50.9,,82.0,303.25,296.1,0,18.63,0.216,2.2935,41.34
POWERGRID.NS,Power Transmission,2026-02-27,50.9,,77.5,298.65,296.1,0,19.86,0.216,2.2935,37.44
POWERGRID.NS,Power Transmission,2026-03-02,50.9,,68.9,296.8,292.8,0,21.44,0.216,2.2935,35.97
POWERGRID.NS,Power Transmission,2026-03-04,50.9,,62.0,291.95,295.15,1,21.15,0.216,2.2935,32.39
POWERGRID.NS,Power Transmission,2026-03-05,50.9,,58.6,299.45,295.15,0,23.75,0.216,2.2935,42.01
POWERGRID.NS,Power Transmission,2026-03-06,50.9,43.2,60.0,299.15,295.15,0,29.49,0.216,2.2935,41.76
POWERGRID.NS,Power Transmission,2026-03-09,50.9,35.0,61.0,295.2,294.85,0,25.5,0.216,2.2935,38.43
POWERGRID.NS,Power Transmission,2026-03-10,50.9,41.3,61.1,298.65,298.1,0,24.93,0.216,2.2935,42.72
POWERGRID.NS,Power Transmission,2026-03-11,50.9,42.0,67.3,298.8,302.75,1,24.23,0.216,2.2935,42.91
POWERGRID.NS,Power Transmission,2026-03-12,50.9,54.7,63.0,303.6,300.35,0,27.29,0.216,2.2935,48.66
POWERGRID.NS,Power Transmission,2026-03-13,50.9,49.5,64.3,300.95,300.35,0,27.19,0.216,2.2935,45.91
ADANIGREEN.NS,Renewable Energy,2026-02-09,25.1,,90.8,982.65,849.65,0,17.36,0.795,,
ADANIGREEN.NS,Renewable Energy,2026-02-10,25.1,,91.5,978.3,866.55,0,17.79,0.795,,
ADANIGREEN.NS,Renewable Energy,2026-02-11,25.1,,85.6,994.75,861.35,0,17.65,0.795,,
ADANIGREEN.NS,Renewable Energy,2026-02-12,25.1,,80.6,997.65,866.95,0,20.82,0.795,,
ADANIGREEN.NS,Renewable Energy,2026-02-13,25.1,,75.5,950.5,866.95,0,20.6,0.795,,
ADANIGREEN.NS,Renewable Energy,2026-02-16,25.1,,71.3,991.25,891.3,0,20.6,0.795,,
ADANIGREEN.NS,Renewable Energy,2026-02-17,25.1,,65.9,1016.8,854.9,0,20.29,0.795,,
ADANIGREEN.NS,Renewable Energy,2026-02-18,25.1,,73.6,1000.1,863.1,0,19.62,0.795,,
ADANIGREEN.NS,Renewable Energy,2026-02-19,25.1,,75.9,976.5,816.45,0,20.23,0.795,,
ADANIGREEN.NS,Renewable Energy,2026-02-20,25.1,,81.5,968.25,816.45,0,19.09,0.795,,
ADANIGREEN.NS,Renewable Energy,2026-02-23,25.1,,85.4,970.35,853.8,0,21.01,0.795,,
ADANIGREEN.NS,Renewable Energy,2026-02-24,25.1,,87.6,981.35,832.5,0,19.55,0.795,,
ADANIGREEN.NS,Renewable Energy,2026-02-25,25.1,,83.8,964.15,832.5,0,17.93,0.795,,60.55
ADANIGREEN.NS,Renewable Energy,2026-02-26,25.1,,77.0,965.95,806.9,0,18.63,0.795,,60.92
ADANIGREEN.NS,Renewable Energy,2026-02-27,25.1,,71.0,947.35,806.9,0,19.86,0.795,,55.17
ADANIGREEN.NS,Renewable Energy,2026-03-02,25.1,,55.4,903.55,851.95,0,21.44,0.795,,44.51
ADANIGREEN.NS,Renewable Energy,2026-03-04,25.1,,47.0,871.95,921.1,1,21.15,0.795,,38.7
ADANIGREEN.NS,Renewable Energy,2026-03-05,25.1,,51.2,884.55,921.1,1,23.75,0.795,,41.96
ADANIGREEN.NS,Renewable Energy,2026-03-06,25.1,17.8,50.9,858.4,921.1,1,29.49,0.795,,37.51
ADANIGREEN.NS,Renewable Energy,2026-03-09,25.1,14.9,57.8,854.15,1029.65,1,25.5,0.795,,36.82
ADANIGREEN.NS,Renewable Energy,2026-03-10,25.1,15.1,54.6,856.9,1044.55,1,24.93,0.795,,37.62
ADANIGREEN.NS,Renewable Energy,2026-03-11,25.1,14.4,50.1,849.65,1085.35,1,24.23,0.795,,36.32
ADANIGREEN.NS,Renewable Energy,2026-03-12,25.1,19.9,62.9,866.55,1085.45,1,27.29,0.795,,41.38
ADANIGREEN.NS,Renewable Energy,2026-03-13,25.1,18.8,57.3,861.35,1085.45,1,27.19,0.795,,40.32
TATAPOWER.NS,Renewable Energy,2026-02-09,10.7,,77.0,368.7,385.75,1,17.36,0.268,,
TATAPOWER.NS,Renewable Energy,2026-02-10,10.7,,81.4,369.95,402.15,1,17.79,0.268,,
TATAPOWER.NS,Renewable Energy,2026-02-11,10.7,,82.3,375.65,394.95,1,17.65,0.268,,
TATAPOWER.NS,Renewable Energy,2026-02-12,10.7,,70.6,380.55,390.55,1,20.82,0.268,,
TATAPOWER.NS,Renewable Energy,2026-02-13,10.7,,64.1,374.1,390.55,1,20.6,0.268,,
TATAPOWER.NS,Renewable Energy,2026-02-16,10.7,,62.7,382.1,400.35,1,20.6,0.268,,
TATAPOWER.NS,Renewable Energy,2026-02-17,10.7,,64.2,378.4,398.5,1,20.29,0.268,,
TATAPOWER.NS,Renewable Energy,2026-02-18,10.7,,62.7,379.6,402.4,1,19.62,0.268,,
TATAPOWER.NS,Renewable Energy,2026-02-19,10.7,,60.7,369.3,386.95,1,20.23,0.268,,
TATAPOWER.NS,Renewable Energy,2026-02-20,10.7,,67.1,378.0,386.95,1,19.09,0.268,,
TATAPOWER.NS,Renewable Energy,2026-02-23,10.7,,79.9,379.25,390.7,1,21.01,0.268,,
TATAPOWER.NS,Renewable Energy,2026-02-24,10.7,,71.5,379.75,385.7,1,19.55,0.268,,
TATAPOWER.NS,Renewable Energy,2026-02-25,10.7,,70.3,381.25,385.7,1,17.93,0.268,,73.24
TATAPOWER.NS,Renewable Energy,2026-02-26,10.7,,67.6,380.4,378.75,0,18.63,0.268,,71.94
TATAPOWER.NS,Renewable Energy,2026-02-27,10.7,,66.6,377.55,378.75,1,19.86,0.268,,67.62
TATAPOWER.NS,Renewable Energy,2026-03-02,10.7,,60.3,368.35,380.2,1,21.44,0.268,,55.94
TATAPOWER.NS,Renewable Energy,2026-03-04,10.7,,56.1,365.85,383.85,1,21.15,0.268,,53.25
TATAPOWER.NS,Renewable Energy,2026-03-05,10.7,,56.9,376.85,383.85,1,23.75,0.268,,61.93
TATAPOWER.NS,Renewable Energy,2026-03-06,10.7,54.4,57.6,375.5,383.85,1,29.49,0.268,,60.44
TATAPOWER.NS,Renewable Energy,2026-03-09,10.7,48.4,51.6,372.9,394.95,1,25.5,0.268,,57.58
TATAPOWER.NS,Renewable Energy,2026-03-10,10.7,66.1,56.8,381.3,394.7,1,24.93,0.268,,63.58
TATAPOWER.NS,Renewable Energy,2026-03-11,10.7,73.4,56.1,385.75,399.35,1,24.23,0.268,,66.3
TATAPOWER.NS,Renewable Energy,2026-03-12,10.7,84.4,63.4,402.15,409.55,1,27.29,0.268,,74.0
TATAPOWER.NS,Renewable Energy,2026-03-13,10.7,83.1,64.6,394.95,409.55,1,27.19,0.268,,66.79
HINDUNILVR.NS,FMCG,2026-02-09,69.0,,93.7,2435.0,2161.4,0,17.36,0.359,0.4078,
HINDUNILVR.NS,FMCG,2026-02-10,69.0,,94.1,2453.6,2136.9,0,17.79,0.359,0.4078,
HINDUNILVR.NS,FMCG,2026-02-11,69.0,,85.6,2462.9,2160.0,0,17.65,0.359,0.4078,
HINDUNILVR.NS,FMCG,2026-02-12,69.0,,69.1,2409.7,2175.7,0,20.82,0.359,0.4078,
HINDUNILVR.NS,FMCG,2026-02-13,69.0,,61.5,2305.2,2175.7,0,20.6,0.359,0.4078,
HINDUNILVR.NS,FMCG,2026-02-16,69.0,,59.7,2319.0,2135.3,0,20.6,0.359,0.4078,
HINDUNILVR.NS,FMCG,2026-02-17,69.0,,55.8,2312.3,2077.3,0,20.29,0.359,0.4078,
HINDUNILVR.NS,FMCG,2026-02-18,69.0,,55.2,2323.5,2082.7,0,19.62,0.359,0.4078,
HINDUNILVR.NS,FMCG,2026-02-19,69.0,,53.0,2279.3,2052.2,0,20.23,0.359,0.4078,
HINDUNILVR.NS,FMCG,2026-02-20,69.0,,63.0,2314.5,2052.2,0,19.09,0.359,0.4078,
HINDUNILVR.NS,FMCG,2026-02-23,69.0,,71.7,2345.4,2134.8,0,21.01,0.359,0.4078,
HINDUNILVR.NS,FMCG,2026-02-24,69.0,,57.4,2358.6,2074.4,0,19.55,0.359,0.4078,
HINDUNILVR.NS,FMCG,2026-02-25,69.0,,56.2,2374.9,2074.4,0,17.93,0.359,0.4078,58.76
HINDUNILVR.NS,FMCG,2026-02-26,69.0,,56.3,2383.3,2055.2,0,18.63,0.359,0.4078,59.98
HINDUNILVR.NS,FMCG,2026-02-27,69.0,,50.2,2338.1,2055.2,0,19.86,0.359,0.4078,51.19
HINDUNILVR.NS,FMCG,2026-03-02,69.0,,45.4,2320.6,2064.7,0,21.44,0.359,0.4078,48.25
HINDUNILVR.NS,FMCG,2026-03-04,69.0,,41.6,2261.3,2084.8,0,21.15,0.359,0.4078,39.87
HINDUNILVR.NS,FMCG,2026-03-05,69.0,,53.6,2255.0,2084.8,0,23.75,0.359,0.4078,39.09
HINDUNILVR.NS,FMCG,2026-03-06,69.0,22.5,48.4,2225.7,2084.8,0,29.49,0.359,0.4078,35.62
HINDUNILVR.NS,FMCG,2026-03-09,69.0,19.9,49.7,2194.6,2145.6,0,25.5,0.359,0.4078,32.33
HINDUNILVR.NS,FMCG,2026-03-10,69.0,19.4,54.6,2190.2,2133.2,0,24.93,0.359,0.4078,31.89
HINDUNILVR.NS,FMCG,2026-03-11,69.0,18.2,54.9,2161.4,2155.3,0,24.23,0.359,0.4078,29.05
HINDUNILVR.NS,FMCG,2026-03-12,69.0,17.6,59.0,2136.9,2127.2,0,27.29,0.359,0.4078,26.86
HINDUNILVR.NS,FMCG,2026-03-13,69.0,19.0,38.8,2160.0,2127.2,0,27.19,0.359,0.4078,32.06
ITC.NS,FMCG,2026-02-09,65.6,,50.7,322.8,309.0,0,17.36,-0.125,,
ITC.NS,FMCG,2026-02-10,65.6,,50.9,321.4,304.1,0,17.79,-0.125,,
ITC.NS,FMCG,2026-02-11,65.6,,51.3,318.25,301.45,0,17.65,-0.125,,
ITC.NS,FMCG,2026-02-12,65.6,,48.5,317.45,308.25,0,20.82,-0.125,,
ITC.NS,FMCG,2026-02-13,65.6,,58.2,313.75,308.25,0,20.6,-0.125,,
ITC.NS,FMCG,2026-02-16,65.6,,54.8,317.95,304.05,0,20.6,-0.125,,
ITC.NS,FMCG,2026-02-17,65.6,,59.3,325.45,298.0,0,20.29,-0.125,,
ITC.NS,FMCG,2026-02-18,65.6,,61.7,332.45,299.95,0,19.62,-0.125,,
ITC.NS,FMCG,2026-02-19,65.6,,67.7,326.0,290.45,0,20.23,-0.125,,
ITC.NS,FMCG,2026-02-20,65.6,,73.0,327.0,290.45,0,19.09,-0.125,,
ITC.NS,FMCG,2026-02-23,65.6,,73.5,325.4,295.7,0,21.01,-0.125,,
ITC.NS,FMCG,2026-02-24,65.6,,82.7,323.5,294.7,0,19.55,-0.125,,
ITC.NS,FMCG,2026-02-25,65.6,,67.0,319.75,294.7,0,17.93,-0.125,,27.85
ITC.NS,FMCG,2026-02-26,65.6,,68.3,318.3,287.7,0,18.63,-0.125,,26.94
ITC.NS,FMCG,2026-02-27,65.6,,57.0,313.6,287.7,0,19.86,-0.125,,24.2
ITC.NS,FMCG,2026-03-02,65.6,,38.8,314.9,291.7,0,21.44,-0.125,,26.43
ITC.NS,FMCG,2026-03-04,65.6,,27.2,311.95,294.85,0,21.15,-0.125,,24.66
ITC.NS,FMCG,2026-03-05,65.6,,31.3,311.5,294.85,0,23.75,-0.125,,24.39
ITC.NS,FMCG,2026-03-06,65.6,26.2,28.2,309.7,294.85,0,29.49,-0.125,,23.29
ITC.NS,FMCG,2026-03-09,65.6,24.2,48.7,306.0,302.45,0,25.5,-0.125,,21.19
ITC.NS,FMCG,2026-03-10,65.6,25.5,54.0,309.05,303.0,0,24.93,-0.125,,27.04
ITC.NS,FMCG,2026-03-11,65.6,26.3,58.8,309.0,304.25,0,24.23,-0.125,,27.01
ITC.NS,FMCG,2026-03-12,65.6,23.9,61.1,304.1,298.65,0,27.29,-0.125,,23.73
ITC.NS,FMCG,2026-03-13,65.6,22.3,56.7,301.45,298.65,0,27.19,-0.125,,22.16
BRITANNIA.NS,FMCG,2026-02-09,43.5,,50.0,5843.0,5921.5,1,17.36,0.563,3.3058,
BRITANNIA.NS,FMCG,2026-02-10,43.5,,97.1,5873.5,5787.0,0,17.79,0.563,3.3058,
BRITANNIA.NS,FMCG,2026-02-11,43.5,,80.6,6019.0,5808.5,0,17.65,0.563,3.3058,
BRITANNIA.NS,FMCG,2026-02-12,43.5,,77.2,6102.0,5842.0,0,20.82,0.563,3.3058,
BRITANNIA.NS,FMCG,2026-02-13,43.5,,77.2,5980.5,5842.0,0,20.6,0.563,3.3058,
BRITANNIA.NS,FMCG,2026-02-16,43.5,,78.3,6106.0,5885.0,0,20.6,0.563,3.3058,
BRITANNIA.NS,FMCG,2026-02-17,43.5,,79.2,6145.5,5673.5,0,20.29,0.563,3.3058,
BRITANNIA.NS,FMCG,2026-02-18,43.5,,69.0,6176.0,5618.5,0,19.62,0.563,3.3058,
BRITANNIA.NS,FMCG,2026-02-19,43.5,,77.2,6108.5,5490.0,0,20.23,0.563,3.3058,
BRITANNIA.NS,FMCG,2026-02-20,43.5,,87.1,6098.5,5490.0,0,19.09,0.563,3.3058,
BRITANNIA.NS,FMCG,2026-02-24,43.5,,92.2,6162.5,5500.0,0,19.55,0.563,3.3058,
BRITANNIA.NS,FMCG,2026-02-25,43.5,,91.1,6158.0,5500.0,0,17.93,0.563,3.3058,36.87
BRITANNIA.NS,FMCG,2026-02-26,43.5,,88.6,6137.0,5423.0,0,18.63,0.563,3.3058,35.89
BRITANNIA.NS,FMCG,2026-03-05,43.5,,64.6,5963.0,5535.0,0,23.75,0.563,3.3058,32.65
BRITANNIA.NS,FMCG,2026-03-10,43.5,31.4,50.0,5968.0,5475.0,0,24.93,0.563,3.3058,36.75
BRITANNIA.NS,FMCG,2026-03-11,43.5,28.5,11.0,5921.5,5557.5,0,24.23,0.563,3.3058,34.76
BRITANNIA.NS,FMCG,2026-03-12,43.5,25.2,50.6,5787.0,5589.0,0,27.29,0.563,3.3058,29.76
BRITANNIA.NS,FMCG,2026-03-13,43.5,25.4,41.3,5808.5,5589.0,0,27.19,0.563,3.3058,31.46
PG,FMCG,2026-02-06,51.9,,57.8,159.17,155.22,0,20.37,0.403,,
PG,FMCG,2026-02-09,51.9,,34.7,157.33,153.32,0,17.36,0.403,,
PG,FMCG,2026-02-10,51.9,,41.3,159.08,150.5,0,17.79,0.403,,
PG,FMCG,2026-02-11,51.9,,43.2,160.0,150.65,0,17.65,0.403,,
PG,FMCG,2026-02-12,51.9,,40.1,161.21,152.12,0,20.82,0.403,,
PG,FMCG,2026-02-13,51.9,,38.5,160.07,152.12,0,20.6,0.403,,
PG,FMCG,2026-02-17,51.9,,46.9,159.55,144.84,0,20.29,0.403,,
PG,FMCG,2026-02-18,51.9,,47.5,156.86,144.28,0,19.62,0.403,,
PG,FMCG,2026-02-19,51.9,,46.9,158.56,143.99,0,20.23,0.403,,
PG,FMCG,2026-02-20,51.9,,48.0,160.78,143.99,0,19.09,0.403,,
PG,FMCG,2026-02-23,51.9,,52.4,165.17,143.92,0,21.01,0.403,,
PG,FMCG,2026-02-24,51.9,,53.0,165.28,142.42,0,19.55,0.403,,
PG,FMCG,2026-02-25,51.9,,59.1,163.39,142.71,0,17.93,0.403,,
PG,FMCG,2026-02-26,51.9,,58.5,163.75,144.44,0,18.63,0.403,,36.51
PG,FMCG,2026-02-27,51.9,,59.0,167.2,144.44,0,19.86,0.403,,45.13
PG,FMCG,2026-03-02,51.9,,58.2,163.51,144.09,0,21.44,0.403,,39.03
PG,FMCG,2026-03-03,51.9,,55.2,159.72,143.12,0,23.57,0.403,,33.95
PG,FMCG,2026-03-04,51.9,,55.6,158.3,142.77,0,21.15,0.403,,32.25
PG,FMCG,2026-03-05,51.9,,47.7,153.99,142.77,0,23.75,0.403,,27.73
PG,FMCG,2026-03-06,51.9,21.3,46.5,153.63,142.77,0,29.49,0.403,,27.38
PG,FMCG,2026-03-09,51.9,23.0,46.7,155.22,144.9,0,25.5,0.403,,31.45
PG,FMCG,2026-03-10,51.9,24.8,45.3,156.01,146.66,0,24.93,0.403,,33.44
PG,FMCG,2026-03-11,51.9,22.0,43.0,153.32,145.16,0,24.23,0.403,,30.22
PG,FMCG,2026-03-12,51.9,20.4,37.6,150.5,143.58,0,27.29,0.403,,27.25
PG,FMCG,2026-03-13,51.9,20.5,38.1,150.65,143.58,0,27.19,0.403,,27.66
KO,Beverages,2026-02-06,47.7,,41.1,79.03,77.8,0,20.37,0.361,6.9513,
KO,Beverages,2026-02-09,47.7,,41.5,77.97,77.63,0,17.36,0.361,6.9513,
KO,Beverages,2026-02-10,47.7,,39.9,76.81,77.61,1,17.79,0.361,6.9513,
KO,Beverages,2026-02-11,47.7,,42.5,78.6,77.34,0,17.65,0.361,6.9513,
KO,Beverages,2026-02-12,47.7,,40.6,79.0,77.82,0,20.82,0.361,6.9513,
KO,Beverages,2026-02-13,47.7,,41.9,78.68,77.82,0,20.6,0.361,6.9513,
KO,Beverages,2026-02-17,47.7,,39.7,79.56,75.55,0,20.29,0.361,6.9513,
KO,Beverages,2026-02-18,47.7,,40.6,79.49,74.75,0,19.62,0.361,6.9513,
KO,Beverages,2026-02-19,47.7,,38.4,78.91,75.11,0,20.23,0.361,6.9513,
KO,Beverages,2026-02-20,47.7,,45.8,79.84,75.11,0,19.09,0.361,6.9513,
KO,Beverages,2026-02-23,47.7,,49.4,80.56,75.25,0,21.01,0.361,6.9513,
KO,Beverages,2026-02-24,47.7,,49.4,80.72,74.69,0,19.55,0.361,6.9513,
KO,Beverages,2026-02-25,47.7,,53.9,80.47,75.71,0,17.93,0.361,6.9513,
KO,Beverages,2026-02-26,47.7,,52.0,80.5,76.05,0,18.63,0.361,6.9513,28.79
KO,Beverages,2026-02-27,47.7,,56.4,81.56,76.05,0,19.86,0.361,6.9513,35.78
KO,Beverages,2026-03-02,47.7,,52.3,80.22,76.08,0,21.44,0.361,6.9513,31.56
KO,Beverages,2026-03-03,47.7,,50.1,79.34,76.72,0,23.57,0.361,6.9513,29.13
KO,Beverages,2026-03-04,47.7,,48.7,78.1,77.22,0,21.15,0.361,6.9513,26.08
KO,Beverages,2026-03-05,47.7,,46.4,77.03,77.22,1,23.75,0.361,6.9513,23.77
KO,Beverages,2026-03-06,47.7,26.0,44.8,77.04,77.22,1,29.49,0.361,6.9513,23.84
KO,Beverages,2026-03-09,47.7,28.7,44.4,77.8,77.29,0,25.5,0.361,6.9513,29.02
KO,Beverages,2026-03-10,47.7,29.4,41.7,77.88,78.18,1,24.93,0.361,6.9513,29.56
KO,Beverages,2026-03-11,47.7,28.7,45.4,77.63,77.47,0,24.23,0.361,6.9513,28.82
KO,Beverages,2026-03-12,47.7,29.3,49.3,77.61,76.41,0,27.29,0.361,6.9513,28.76
KO,Beverages,2026-03-13,47.7,29.0,45.2,77.34,76.41,0,27.19,0.361,6.9513,27.88
PEP,Beverages,2026-02-06,48.6,,57.5,170.49,161.53,0,20.37,0.41,0.384,
PEP,Beverages,2026-02-09,48.6,,49.1,166.47,160.15,0,17.36,0.41,0.384,
PEP,Beverages,2026-02-10,48.6,,50.2,166.97,158.86,0,17.79,0.41,0.384,
PEP,Beverages,2026-02-11,48.6,,55.4,169.15,159.88,0,17.65,0.41,0.384,
PEP,Beverages,2026-02-12,48.6,,53.6,167.2,157.72,0,20.82,0.41,0.384,
PEP,Beverages,2026-02-13,48.6,,53.0,165.94,157.72,0,20.6,0.41,0.384,
PEP,Beverages,2026-02-17,48.6,,57.0,161.92,152.74,0,20.29,0.41,0.384,
PEP,Beverages,2026-02-18,48.6,,54.8,164.39,150.04,0,19.62,0.41,0.384,
PEP,Beverages,2026-02-19,48.6,,51.2,164.59,150.88,0,20.23,0.41,0.384,
PEP,Beverages,2026-02-20,48.6,,52.0,164.94,150.88,0,19.09,0.41,0.384,
PEP,Beverages,2026-02-23,48.6,,52.2,168.32,151.73,0,21.01,0.41,0.384,
PEP,Beverages,2026-02-24,48.6,,54.0,169.54,150.83,0,19.55,0.41,0.384,
PEP,Beverages,2026-02-25,48.6,,54.7,169.17,153.04,0,17.93,0.41,0.384,
PEP,Beverages,2026-02-26,48.6,,56.5,167.58,155.29,0,18.63,0.41,0.384,19.36
PEP,Beverages,2026-02-27,48.6,,54.9,169.74,155.29,0,19.86,0.41,0.384,24.24
PEP,Beverages,2026-03-02,48.6,,51.7,167.28,154.65,0,21.44,0.41,0.384,22.56
PEP,Beverages,2026-03-03,48.6,,50.6,164.91,157.01,0,23.57,0.41,0.384,21.06
PEP,Beverages,2026-03-04,48.6,,49.2,163.92,156.73,0,21.15,0.41,0.384,20.44
PEP,Beverages,2026-03-05,48.6,,48.5,160.7,156.73,0,23.75,0.41,0.384,18.55
PEP,Beverages,2026-03-06,48.6,23.0,48.0,159.43,156.73,0,29.49,0.41,0.384,17.84
PEP,Beverages,2026-03-09,48.6,25.7,48.5,161.53,154.8,0,25.5,0.41,0.384,23.04
PEP,Beverages,2026-03-10,48.6,25.3,49.9,160.78,157.49,0,24.93,0.41,0.384,22.49
PEP,Beverages,2026-03-11,48.6,24.9,49.9,160.15,157.06,0,24.23,0.41,0.384,22.02
PEP,Beverages,2026-03-12,48.6,23.8,50.3,158.86,155.88,0,27.29,0.41,0.384,21.04
PEP,Beverages,2026-03-13,48.6,26.1,49.7,159.88,155.88,0,27.19,0.41,0.384,23.91
SUNPHARMA.NS,Pharmaceuticals,2026-02-06,60.3,,92.0,1695.1,1807.4,1,20.37,0.111,2.3159,
SUNPHARMA.NS,Pharmaceuticals,2026-02-09,60.3,,79.7,1704.6,1825.9,1,17.36,0.111,2.3159,
SUNPHARMA.NS,Pharmaceuticals,2026-02-10,60.3,,79.9,1707.8,1825.3,1,17.79,0.111,2.3159,
SUNPHARMA.NS,Pharmaceuticals,2026-02-11,60.3,,77.1,1711.1,1801.6,1,17.65,0.111,2.3159,
SUNPHARMA.NS,Pharmaceuticals,2026-02-12,60.3,,72.4,1714.9,1783.2,1,20.82,0.111,2.3159,
SUNPHARMA.NS,Pharmaceuticals,2026-02-13,60.3,,72.4,1697.5,1783.2,1,20.6,0.111,2.3159,
SUNPHARMA.NS,Pharmaceuticals,2026-02-16,60.3,,76.2,1700.5,1778.3,1,20.6,0.111,2.3159,
SUNPHARMA.NS,Pharmaceuticals,2026-02-17,60.3,,79.1,1717.1,1744.4,1,20.29,0.111,2.3159,
SUNPHARMA.NS,Pharmaceuticals,2026-02-18,60.3,,80.5,1724.4,1777.1,1,19.62,0.111,2.3159,
SUNPHARMA.NS,Pharmaceuticals,2026-02-19,60.3,,84.0,1713.4,1758.4,1,20.23,0.111,2.3159,
SUNPHARMA.NS,Pharmaceuticals,2026-02-20,60.3,,92.3,1724.4,1758.4,1,19.09,0.111,2.3159,
SUNPHARMA.NS,Pharmaceuticals,2026-02-23,60.3,,91.5,1732.3,1795.4,1,21.01,0.111,2.3159,
SUNPHARMA.NS,Pharmaceuticals,2026-02-24,60.3,,88.5,1731.8,1793.6,1,19.55,0.111,2.3159,
SUNPHARMA.NS,Pharmaceuticals,2026-02-25,60.3,,89.6,1764.2,1793.6,1,17.93,0.111,2.3159,87.26
SUNPHARMA.NS,Pharmaceuticals,2026-02-26,60.3,,84.8,1785.7,1757.2,0,18.63,0.111,2.3159,89.03
SUNPHARMA.NS,Pharmaceuticals,2026-02-27,60.3,,78.8,1737.0,1757.2,1,19.86,0.111,2.3159,66.48
SUNPHARMA.NS,Pharmaceuticals,2026-03-02,60.3,,75.6,1752.5,1728.5,0,21.44,0.111,2.3159,69.16
SUNPHARMA.NS,Pharmaceuticals,2026-03-04,60.3,,76.3,1750.5,1694.6,0,21.15,0.111,2.3159,68.4
SUNPHARMA.NS,Pharmaceuticals,2026-03-05,60.3,,69.9,1784.5,1694.6,0,23.75,0.111,2.3159,73.69
SUNPHARMA.NS,Pharmaceuticals,2026-03-06,60.3,86.5,63.7,1799.4,1694.6,0,29.49,0.111,2.3159,75.61
SUNPHARMA.NS,Pharmaceuticals,2026-03-09,60.3,87.3,56.3,1807.4,1714.6,0,25.5,0.111,2.3159,76.6
SUNPHARMA.NS,Pharmaceuticals,2026-03-10,60.3,84.7,52.1,1812.8,1717.1,0,24.93,0.111,2.3159,77.27
SUNPHARMA.NS,Pharmaceuticals,2026-03-11,60.3,85.4,51.7,1825.9,1654.9,0,24.23,0.111,2.3159,78.86
SUNPHARMA.NS,Pharmaceuticals,2026-03-12,60.3,84.9,49.5,1825.3,1652.2,0,27.29,0.111,2.3159,78.59
SUNPHARMA.NS,Pharmaceuticals,2026-03-13,60.3,79.4,47.6,1801.6,1652.2,0,27.19,0.111,2.3159,68.59
DRREDDY.NS,Pharmaceuticals,2026-02-09,60.7,,93.4,1275.5,1325.5,1,17.36,0.302,,
DRREDDY.NS,Pharmaceuticals,2026-02-10,60.7,,81.2,1256.0,1319.0,1,17.79,0.302,,
DRREDDY.NS,Pharmaceuticals,2026-02-11,60.7,,83.2,1270.3,1292.3,1,17.65,0.302,,
DRREDDY.NS,Pharmaceuticals,2026-02-12,60.7,,79.5,1274.9,1276.9,1,20.82,0.302,,
DRREDDY.NS,Pharmaceuticals,2026-02-13,60.7,,79.5,1268.1,1276.9,1,20.6,0.302,,
DRREDDY.NS,Pharmaceuticals,2026-02-16,60.7,,74.2,1269.4,1294.8,1,20.6,0.302,,
DRREDDY.NS,Pharmaceuticals,2026-02-17,60.7,,69.6,1284.8,1274.5,0,20.29,0.302,,
DRREDDY.NS,Pharmaceuticals,2026-02-18,60.7,,72.7,1280.3,1298.9,1,19.62,0.302,,
DRREDDY.NS,Pharmaceuticals,2026-02-19,60.7,,56.5,1282.3,1253.3,0,20.23,0.302,,
DRREDDY.NS,Pharmaceuticals,2026-02-20,60.7,,58.2,1280.4,1253.3,0,19.09,0.302,,
DRREDDY.NS,Pharmaceuticals,2026-02-23,60.7,,59.2,1307.4,1300.7,0,21.01,0.302,,
DRREDDY.NS,Pharmaceuticals,2026-02-24,60.7,,47.3,1300.2,1281.7,0,19.55,0.302,,
DRREDDY.NS,Pharmaceuticals,2026-02-25,60.7,,48.9,1306.5,1281.7,0,17.93,0.302,,91.28
DRREDDY.NS,Pharmaceuticals,2026-02-26,60.7,,45.8,1319.3,1254.9,0,18.63,0.302,,91.7
DRREDDY.NS,Pharmaceuticals,2026-02-27,60.7,,57.9,1286.3,1254.9,0,19.86,0.302,,80.87
DRREDDY.NS,Pharmaceuticals,2026-03-04,60.7,,58.0,1291.2,1217.8,0,21.15,0.302,,80.41
DRREDDY.NS,Pharmaceuticals,2026-03-05,60.7,,47.0,1313.5,1217.8,0,23.75,0.302,,82.12
DRREDDY.NS,Pharmaceuticals,2026-03-06,60.7,70.3,47.0,1303.8,1217.8,0,29.49,0.302,,78.9
DRREDDY.NS,Pharmaceuticals,2026-03-09,60.7,61.6,25.8,1287.0,1191.4,0,25.5,0.302,,73.52
DRREDDY.NS,Pharmaceuticals,2026-03-10,60.7,72.2,56.8,1314.6,1211.9,0,24.93,0.302,,76.37
DRREDDY.NS,Pharmaceuticals,2026-03-11,60.7,75.5,51.9,1325.5,1232.2,0,24.23,0.302,,77.41
DRREDDY.NS,Pharmaceuticals,2026-03-12,60.7,70.7,64.2,1319.0,1235.9,0,27.29,0.302,,75.29
DRREDDY.NS,Pharmaceuticals,2026-03-13,60.7,58.2,71.1,1292.3,1235.9,0,27.19,0.302,,67.17
CIPLA.NS,Pharmaceuticals,2026-02-09,54.3,,65.6,1342.5,1329.5,0,17.36,0.059,,
CIPLA.NS,Pharmaceuticals,2026-02-10,54.3,,68.1,1342.1,1324.3,0,17.79,0.059,,
CIPLA.NS,Pharmaceuticals,2026-02-11,54.3,,72.0,1349.9,1314.7,0,17.65,0.059,,
CIPLA.NS,Pharmaceuticals,2026-02-12,54.3,,72.0,1330.0,1300.0,0,20.82,0.059,,
CIPLA.NS,Pharmaceuticals,2026-02-13,54.3,,67.7,1331.5,1300.0,0,20.6,0.059,,
CIPLA.NS,Pharmaceuticals,2026-02-16,54.3,,78.4,1356.4,1268.5,0,20.6,0.059,,
CIPLA.NS,Pharmaceuticals,2026-02-17,54.3,,76.8,1343.9,1239.2,0,20.29,0.059,,
CIPLA.NS,Pharmaceuticals,2026-02-18,54.3,,77.6,1349.8,1256.4,0,19.62,0.059,,
CIPLA.NS,Pharmaceuticals,2026-02-19,54.3,,77.2,1328.9,1221.8,0,20.23,0.059,,
CIPLA.NS,Pharmaceuticals,2026-02-20,54.3,,80.6,1341.1,1221.8,0,19.09,0.059,,
CIPLA.NS,Pharmaceuticals,2026-02-23,54.3,,76.0,1326.5,1244.4,0,21.01,0.059,,
CIPLA.NS,Pharmaceuticals,2026-02-24,54.3,,71.1,1326.7,1242.3,0,19.55,0.059,,
CIPLA.NS,Pharmaceuticals,2026-02-25,54.3,,70.0,1346.1,1242.3,0,17.93,0.059,,72.83
CIPLA.NS,Pharmaceuticals,2026-02-26,54.3,,64.0,1358.1,1224.2,0,18.63,0.059,,74.73
CIPLA.NS,Pharmaceuticals,2026-02-27,54.3,,65.0,1348.2,1224.2,0,19.86,0.059,,70.35
CIPLA.NS,Pharmaceuticals,2026-03-02,54.3,,62.3,1351.6,1195.9,0,21.44,0.059,,70.98
CIPLA.NS,Pharmaceuticals,2026-03-04,54.3,,65.3,1313.2,1200.9,0,21.15,0.059,,56.4
CIPLA.NS,Pharmaceuticals,2026-03-05,54.3,,69.3,1326.4,1200.9,0,23.75,0.059,,59.48
CIPLA.NS,Pharmaceuticals,2026-03-06,54.3,51.3,73.2,1321.2,1200.9,0,29.49,0.059,,57.75
CIPLA.NS,Pharmaceuticals,2026-03-09,54.3,52.5,49.0,1325.0,1215.9,0,25.5,0.059,,58.7
CIPLA.NS,Pharmaceuticals,2026-03-10,54.3,56.9,47.3,1333.5,1224.4,0,24.93,0.059,,60.81
CIPLA.NS,Pharmaceuticals,2026-03-11,54.3,55.8,47.3,1329.5,1229.5,0,24.23,0.059,,59.27
CIPLA.NS,Pharmaceuticals,2026-03-12,54.3,53.5,49.2,1324.3,1211.1,0,27.29,0.059,,57.25
CIPLA.NS,Pharmaceuticals,2026-03-13,54.3,47.3,43.7,1314.7,1211.1,0,27.19,0.059,,53.61
PFE,Pharmaceuticals,2026-02-06,49.9,,40.9,27.22,26.81,0,20.37,0.388,,
PFE,Pharmaceuticals,2026-02-09,49.9,,58.0,27.05,27.3,1,17.36,0.388,,
PFE,Pharmaceuticals,2026-02-10,49.9,,64.1,27.61,26.86,0,17.79,0.388,,
PFE,Pharmaceuticals,2026-02-11,49.9,,74.4,27.73,26.58,0,17.65,0.388,,
PFE,Pharmaceuticals,2026-02-12,49.9,,74.7,27.47,26.61,0,20.82,0.388,,
PFE,Pharmaceuticals,2026-02-13,49.9,,70.5,27.58,26.61,0,20.6,0.388,,
PFE,Pharmaceuticals,2026-02-17,49.9,,68.3,27.37,27.41,1,20.29,0.388,,
PFE,Pharmaceuticals,2026-02-18,49.9,,64.5,27.37,26.97,0,19.62,0.388,,
PFE,Pharmaceuticals,2026-02-19,49.9,,62.8,26.86,26.77,0,20.23,0.388,,
PFE,Pharmaceuticals,2026-02-20,49.9,,58.8,26.65,26.77,1,19.09,0.388,,
PFE,Pharmaceuticals,2026-02-23,49.9,,64.8,27.06,27.28,1,21.01,0.388,,
PFE,Pharmaceuticals,2026-02-24,49.9,,64.1,27.14,27.57,1,19.55,0.388,,
PFE,Pharmaceuticals,2026-02-25,49.9,,62.0,27.09,27.04,0,17.93,0.388,,
PFE,Pharmaceuticals,2026-02-26,49.9,,65.0,27.1,28.08,1,18.63,0.388,,30.15
PFE,Pharmaceuticals,2026-02-27,49.9,,65.5,27.65,28.08,1,19.86,0.388,,43.26
PFE,Pharmaceuticals,2026-03-02,49.9,,69.3,27.26,28.55,1,21.44,0.388,,37.83
PFE,Pharmaceuticals,2026-03-03,49.9,,72.7,26.58,28.32,1,23.57,0.388,,30.63
PFE,Pharmaceuticals,2026-03-04,49.9,,74.2,26.62,27.83,1,21.15,0.388,,31.45
PFE,Pharmaceuticals,2026-03-05,49.9,,75.3,26.61,27.83,1,23.75,0.388,,31.35
PFE,Pharmaceuticals,2026-03-06,49.9,39.2,72.4,27.05,27.83,1,29.49,0.388,,40.39
PFE,Pharmaceuticals,2026-03-09,49.9,35.4,75.9,26.81,27.47,1,25.5,0.388,,37.49
PFE,Pharmaceuticals,2026-03-10,49.9,45.7,73.8,27.16,27.22,1,24.93,0.388,,43.83
PFE,Pharmaceuticals,2026-03-11,49.9,52.8,72.2,27.3,26.92,0,24.23,0.388,,46.18
PFE,Pharmaceuticals,2026-03-12,49.9,42.6,68.5,26.86,27.34,1,27.29,0.388,,40.45
PFE,Pharmaceuticals,2026-03-13,49.9,36.1,64.6,26.58,27.34,1,27.19,0.388,,37.28
JNJ,Pharmaceuticals,2026-02-09,70.3,,60.6,238.64,242.99,1,17.36,0.329,0.4504,
JNJ,Pharmaceuticals,2026-02-10,70.3,,54.4,238.35,242.04,1,17.79,0.329,0.4504,
JNJ,Pharmaceuticals,2026-02-11,70.3,,58.0,240.86,241.52,1,17.65,0.329,0.4504,
JNJ,Pharmaceuticals,2026-02-12,70.3,,59.5,244.55,243.19,0,20.82,0.329,0.4504,
JNJ,Pharmaceuticals,2026-02-13,70.3,,58.6,243.45,243.19,0,20.6,0.329,0.4504,
JNJ,Pharmaceuticals,2026-02-17,70.3,,55.4,243.33,237.6,0,20.29,0.329,0.4504,
JNJ,Pharmaceuticals,2026-02-18,70.3,,60.3,244.99,235.37,0,19.62,0.329,0.4504,
JNJ,Pharmaceuticals,2026-02-19,70.3,,59.0,246.91,235.42,0,20.23,0.329,0.4504,
JNJ,Pharmaceuticals,2026-02-20,70.3,,54.4,242.49,235.42,0,19.09,0.329,0.4504,
JNJ,Pharmaceuticals,2026-02-23,70.3,,57.1,245.84,239.93,0,21.01,0.329,0.4504,
JNJ,Pharmaceuticals,2026-02-24,70.3,,59.7,246.28,239.24,0,19.55,0.329,0.4504,
JNJ,Pharmaceuticals,2026-02-25,70.3,,61.2,245.17,240.45,0,17.93,0.329,0.4504,
JNJ,Pharmaceuticals,2026-02-26,70.3,,58.9,243.47,244.44,1,18.63,0.329,0.4504,36.92
JNJ,Pharmaceuticals,2026-02-27,70.3,,55.7,248.43,244.44,0,19.86,0.329,0.4504,48.76
JNJ,Pharmaceuticals,2026-03-02,70.3,,55.5,248.56,244.12,0,21.44,0.329,0.4504,49.03
JNJ,Pharmaceuticals,2026-03-03,70.3,,58.3,246.75,243.04,0,23.57,0.329,0.4504,45.44
JNJ,Pharmaceuticals,2026-03-04,70.3,,57.3,245.3,240.97,0,21.15,0.329,0.4504,42.74
JNJ,Pharmaceuticals,2026-03-05,70.3,,55.8,239.63,240.97,1,23.75,0.329,0.4504,34.19
JNJ,Pharmaceuticals,2026-03-06,70.3,33.3,55.3,240.4,240.97,1,29.49,0.329,0.4504,36.06
JNJ,Pharmaceuticals,2026-03-09,70.3,38.1,62.0,242.59,241.3,0,25.5,0.329,0.4504,41.18
JNJ,Pharmaceuticals,2026-03-10,70.3,41.7,63.9,243.71,241.31,0,24.93,0.329,0.4504,43.67
JNJ,Pharmaceuticals,2026-03-11,70.3,39.8,62.6,242.99,238.46,0,24.23,0.329,0.4504,42.42
JNJ,Pharmaceuticals,2026-03-12,70.3,37.3,63.4,242.04,237.96,0,27.29,0.329,0.4504,40.78
JNJ,Pharmaceuticals,2026-03-13,70.3,36.1,61.8,241.52,237.96,0,27.19,0.329,0.4504,39.87
ABBV,Pharmaceuticals,2026-02-06,33.1,,61.3,223.43,227.45,1,20.37,0.364,,
ABBV,Pharmaceuticals,2026-02-09,33.1,,64.7,223.26,227.68,1,17.36,0.364,,
ABBV,Pharmaceuticals,2026-02-10,33.1,,59.8,222.44,225.37,1,17.79,0.364,,
ABBV,Pharmaceuticals,2026-02-11,33.1,,62.1,220.89,219.68,0,17.65,0.364,,
ABBV,Pharmaceuticals,2026-02-12,33.1,,63.5,227.5,221.45,0,20.82,0.364,,
ABBV,Pharmaceuticals,2026-02-13,33.1,,65.5,231.5,221.45,0,20.6,0.364,,
ABBV,Pharmaceuticals,2026-02-17,33.1,,66.9,232.86,206.23,0,20.29,0.364,,
ABBV,Pharmaceuticals,2026-02-18,33.1,,72.7,228.72,205.07,0,19.62,0.364,,
ABBV,Pharmaceuticals,2026-02-19,33.1,,71.7,224.35,204.93,0,20.23,0.364,,
ABBV,Pharmaceuticals,2026-02-20,33.1,,69.9,224.81,204.93,0,19.09,0.364,,
ABBV,Pharmaceuticals,2026-02-23,33.1,,73.5,229.48,207.18,0,21.01,0.364,,
ABBV,Pharmaceuticals,2026-02-24,33.1,,77.7,228.44,211.12,0,19.55,0.364,,
ABBV,Pharmaceuticals,2026-02-25,33.1,,73.9,226.92,209.4,0,17.93,0.364,,
ABBV,Pharmaceuticals,2026-02-26,33.1,,73.3,224.69,217.49,0,18.63,0.364,,46.06
ABBV,Pharmaceuticals,2026-02-27,33.1,,68.2,232.08,217.49,0,19.86,0.364,,60.03
ABBV,Pharmaceuticals,2026-03-02,33.1,,68.5,234.26,214.98,0,21.44,0.364,,63.06
ABBV,Pharmaceuticals,2026-03-03,33.1,,65.8,233.86,208.84,0,23.57,0.364,,62.13
ABBV,Pharmaceuticals,2026-03-04,33.1,,63.5,236.19,206.69,0,21.15,0.364,,65.35
ABBV,Pharmaceuticals,2026-03-05,33.1,,66.3,232.35,206.69,0,23.75,0.364,,56.79
ABBV,Pharmaceuticals,2026-03-06,33.1,60.7,64.5,230.11,206.69,0,29.49,0.364,,52.47
ABBV,Pharmaceuticals,2026-03-09,33.1,47.3,68.8,227.45,211.59,0,25.5,0.364,,47.82
ABBV,Pharmaceuticals,2026-03-10,33.1,42.5,63.9,227.01,212.4,0,24.93,0.364,,47.08
ABBV,Pharmaceuticals,2026-03-11,33.1,43.2,69.2,227.68,207.94,0,24.23,0.364,,48.39
ABBV,Pharmaceuticals,2026-03-12,33.1,34.7,69.2,225.37,206.47,0,27.29,0.364,,44.3
ABBV,Pharmaceuticals,2026-03-13,33.1,23.7,69.1,219.68,206.47,0,27.19,0.364,,36.19
UNH,Healthcare,2026-02-09,30.2,,41.3,275.7,285.25,1,17.36,0.408,,
UNH,Healthcare,2026-02-10,30.2,,51.7,273.22,277.05,1,17.79,0.408,,
UNH,Healthcare,2026-02-11,30.2,,58.0,278.91,282.09,1,17.65,0.408,,
UNH,Healthcare,2026-02-12,30.2,,56.3,284.37,285.49,1,20.82,0.408,,
UNH,Healthcare,2026-02-13,30.2,,51.2,293.19,285.49,0,20.6,0.408,,
UNH,Healthcare,2026-02-17,30.2,,59.4,289.09,280.44,0,20.29,0.408,,
UNH,Healthcare,2026-02-18,30.2,,55.5,288.2,275.59,0,19.62,0.408,,
UNH,Healthcare,2026-02-19,30.2,,48.3,289.93,269.54,0,20.23,0.408,,
UNH,Healthcare,2026-02-20,30.2,,46.6,290.0,269.54,0,19.09,0.408,,
UNH,Healthcare,2026-02-23,30.2,,33.4,282.34,270.55,0,21.01,0.408,,
UNH,Healthcare,2026-02-24,30.2,,32.7,273.95,268.05,0,19.55,0.408,,
UNH,Healthcare,2026-02-25,30.2,,41.3,284.2,259.02,0,17.93,0.408,,
UNH,Healthcare,2026-02-26,30.2,,42.7,286.66,270.59,0,18.63,0.408,,50.72
UNH,Healthcare,2026-02-27,30.2,,46.6,293.27,270.59,0,19.86,0.408,,57.26
UNH,Healthcare,2026-03-02,30.2,,51.0,294.93,273.98,0,21.44,0.408,,58.74
UNH,Healthcare,2026-03-03,30.2,,48.1,289.21,277.26,0,23.57,0.408,,52.05
UNH,Healthcare,2026-03-04,30.2,,42.4,291.96,281.36,0,21.15,0.408,,54.72
UNH,Healthcare,2026-03-05,30.2,,31.9,288.77,281.36,0,23.75,0.408,,51.16
UNH,Healthcare,2026-03-06,30.2,51.1,29.4,286.48,281.36,0,29.49,0.408,,48.71
UNH,Healthcare,2026-03-09,30.2,44.2,33.4,285.17,305.98,1,25.5,0.408,,47.32
UNH,Healthcare,2026-03-10,30.2,34.3,27.4,282.34,306.91,1,24.93,0.408,,44.36
UNH,Healthcare,2026-03-11,30.2,39.5,31.1,285.25,304.33,1,24.23,0.408,,47.96
UNH,Healthcare,2026-03-12,30.2,23.4,30.1,277.05,313.0,1,27.29,0.408,,40.09
UNH,Healthcare,2026-03-13,30.2,31.5,48.4,282.09,313.0,1,27.19,0.408,,45.96
HAL.NS,Defense,2026-02-06,70.3,,88.4,4067.5,3989.9,0,20.37,0.406,1.0427,
HAL.NS,Defense,2026-02-09,70.3,,82.2,4131.0,4005.1,0,17.36,0.406,1.0427,
HAL.NS,Defense,2026-02-10,70.3,,66.5,4168.3,4013.5,0,17.79,0.406,1.0427,
HAL.NS,Defense,2026-02-11,70.3,,67.6,4133.0,3914.4,0,17.65,0.406,1.0427,
HAL.NS,Defense,2026-02-12,70.3,,72.8,4158.9,3913.1,0,20.82,0.406,1.0427,
HAL.NS,Defense,2026-02-13,70.3,,64.7,4212.4,3913.1,0,20.6,0.406,1.0427,
HAL.NS,Defense,2026-02-16,70.3,,65.4,4226.1,3961.6,0,20.6,0.406,1.0427,
HAL.NS,Defense,2026-02-17,70.3,,66.9,4247.6,3802.5,0,20.29,0.406,1.0427,
HAL.NS,Defense,2026-02-18,70.3,,71.7,4251.1,3782.4,0,19.62,0.406,1.0427,
HAL.NS,Defense,2026-02-19,70.3,,72.8,4132.6,3634.6,0,20.23,0.406,1.0427,
HAL.NS,Defense,2026-02-20,70.3,,70.9,4170.0,3634.6,0,19.09,0.406,1.0427,
HAL.NS,Defense,2026-02-23,70.3,,50.8,4025.4,3669.4,0,21.01,0.406,1.0427,
HAL.NS,Defense,2026-02-24,70.3,,49.4,3952.6,3588.6,0,19.55,0.406,1.0427,
HAL.NS,Defense,2026-02-25,70.3,,46.0,3985.0,3588.6,0,17.93,0.406,1.0427,63.24
HAL.NS,Defense,2026-02-26,70.3,,44.1,4008.9,3487.2,0,18.63,0.406,1.0427,64.38
HAL.NS,Defense,2026-02-27,70.3,,39.4,3913.2,3487.2,0,19.86,0.406,1.0427,56.82
HAL.NS,Defense,2026-03-02,70.3,,46.9,3951.6,3670.8,0,21.44,0.406,1.0427,58.9
HAL.NS,Defense,2026-03-04,70.3,,66.5,3876.8,3752.1,0,21.15,0.406,1.0427,53.49
HAL.NS,Defense,2026-03-05,70.3,,55.1,3891.8,3752.1,0,23.75,0.406,1.0427,54.39
HAL.NS,Defense,2026-03-06,70.3,45.7,47.8,4023.7,3752.1,0,29.49,0.406,1.0427,61.49
HAL.NS,Defense,2026-03-09,70.3,40.8,48.5,3989.9,3907.5,0,25.5,0.406,1.0427,58.96
HAL.NS,Defense,2026-03-10,70.3,53.8,48.4,4040.1,4032.9,0,24.93,0.406,1.0427,61.5
HAL.NS,Defense,2026-03-11,70.3,52.3,38.2,4005.1,4112.2,1,24.23,0.406,1.0427,58.77
HAL.NS,Defense,2026-03-12,70.3,56.2,36.0,4013.5,4099.9,1,27.29,0.406,1.0427,59.24
HAL.NS,Defense,2026-03-13,70.3,38.6,45.4,3914.4,4099.9,1,27.19,0.406,1.0427,51.78
BEL.NS,Defense,2026-02-09,62.4,,63.8,437.3,454.1,1,17.36,0.313,2.6109,
BEL.NS,Defense,2026-02-10,62.4,,66.3,437.3,453.55,1,17.79,0.313,2.6109,
BEL.NS,Defense,2026-02-11,62.4,,69.6,437.55,439.4,1,17.65,0.313,2.6109,
BEL.NS,Defense,2026-02-12,62.4,,59.9,443.9,429.5,0,20.82,0.313,2.6109,
BEL.NS,Defense,2026-02-13,62.4,,53.7,435.55,429.5,0,20.6,0.313,2.6109,
BEL.NS,Defense,2026-02-16,62.4,,43.9,438.0,442.6,1,20.6,0.313,2.6109,
BEL.NS,Defense,2026-02-17,62.4,,47.4,446.85,430.8,0,20.29,0.313,2.6109,
BEL.NS,Defense,2026-02-18,62.4,,42.7,447.7,426.1,0,19.62,0.313,2.6109,
BEL.NS,Defense,2026-02-19,62.4,,47.9,435.35,405.5,0,20.23,0.313,2.6109,
BEL.NS,Defense,2026-02-20,62.4,,58.0,441.15,405.5,0,19.09,0.313,2.6109,
BEL.NS,Defense,2026-02-23,62.4,,71.2,439.75,413.45,0,21.01,0.313,2.6109,
BEL.NS,Defense,2026-02-24,62.4,,66.5,435.05,404.75,0,19.55,0.313,2.6109,
BEL.NS,Defense,2026-02-25,62.4,,64.2,439.3,404.75,0,17.93,0.313,2.6109,76.77
BEL.NS,Defense,2026-02-26,62.4,,62.6,449.05,400.65,0,18.63,0.313,2.6109,79.37
BEL.NS,Defense,2026-02-27,62.4,,53.4,444.7,400.65,0,19.86,0.313,2.6109,75.32
BEL.NS,Defense,2026-03-02,62.4,,48.9,453.95,418.7,0,21.44,0.313,2.6109,77.9
BEL.NS,Defense,2026-03-04,62.4,,46.8,446.85,427.15,0,21.15,0.313,2.6109,71.7
BEL.NS,Defense,2026-03-05,62.4,,56.3,460.0,427.15,0,23.75,0.313,2.6109,75.58
BEL.NS,Defense,2026-03-06,62.4,85.9,58.7,468.45,427.15,0,29.49,0.313,2.6109,77.69
BEL.NS,Defense,2026-03-09,62.4,78.3,62.9,457.35,433.1,0,25.5,0.313,2.6109,69.21
BEL.NS,Defense,2026-03-10,62.4,79.8,69.5,463.35,439.75,0,24.93,0.313,2.6109,71.05
BEL.NS,Defense,2026-03-11,62.4,71.6,69.5,454.1,442.45,0,24.23,0.313,2.6109,64.64
BEL.NS,Defense,2026-03-12,62.4,68.2,74.3,453.55,441.55,0,27.29,0.313,2.6109,64.27
BEL.NS,Defense,2026-03-13,62.4,45.0,64.1,439.4,441.55,1,27.19,0.313,2.6109,55.45
LMT,Defense,2026-02-06,45.8,,64.2,623.58,664.15,1,20.37,0.24,0.1768,
LMT,Defense,2026-02-09,45.8,,61.4,638.29,649.47,1,17.36,0.24,0.1768,
LMT,Defense,2026-02-10,45.8,,58.5,629.56,652.83,1,17.79,0.24,0.1768,
LMT,Defense,2026-02-11,45.8,,61.1,628.7,646.0,1,17.65,0.24,0.1768,
LMT,Defense,2026-02-12,45.8,,62.0,637.43,645.2,1,20.82,0.24,0.1768,
LMT,Defense,2026-02-13,45.8,,62.7,652.58,645.2,0,20.6,0.24,0.1768,
LMT,Defense,2026-02-17,45.8,,67.3,649.58,637.51,0,20.29,0.24,0.1768,
LMT,Defense,2026-02-18,45.8,,69.5,649.81,627.43,0,19.62,0.24,0.1768,
LMT,Defense,2026-02-19,45.8,,71.9,666.51,616.25,0,20.23,0.24,0.1768,
LMT,Defense,2026-02-20,45.8,,73.4,658.26,616.25,0,19.09,0.24,0.1768,
LMT,Defense,2026-02-23,45.8,,66.7,660.62,624.2,0,21.01,0.24,0.1768,
LMT,Defense,2026-02-24,45.8,,67.2,664.43,627.33,0,19.55,0.24,0.1768,
LMT,Defense,2026-02-25,45.8,,56.9,647.5,615.84,0,17.93,0.24,0.1768,
LMT,Defense,2026-02-26,45.8,,51.2,641.63,604.39,0,18.63,0.24,0.1768,77.19
LMT,Defense,2026-02-27,45.8,,42.9,658.08,604.39,0,19.86,0.24,0.1768,79.63
LMT,Defense,2026-03-02,45.8,,31.9,676.7,617.64,0,21.44,0.24,0.1768,81.98
LMT,Defense,2026-03-03,45.8,,34.8,667.82,622.79,0,23.57,0.24,0.1768,77.4
LMT,Defense,2026-03-04,45.8,,35.6,664.48,637.9,0,21.15,0.24,0.1768,75.68
LMT,Defense,2026-03-05,45.8,,36.4,655.0,637.9,0,23.75,0.24,0.1768,70.89
LMT,Defense,2026-03-06,45.8,73.4,42.5,671.77,637.9,0,29.49,0.24,0.1768,74.02
LMT,Defense,2026-03-09,45.8,67.9,47.5,664.15,628.5,0,25.5,0.24,0.1768,70.32
LMT,Defense,2026-03-10,45.8,54.1,51.7,651.22,623.87,0,24.93,0.24,0.1768,64.42
LMT,Defense,2026-03-11,45.8,47.8,53.2,649.47,613.72,0,24.23,0.24,0.1768,63.65
LMT,Defense,2026-03-12,45.8,48.6,51.2,652.83,619.69,0,27.29,0.24,0.1768,64.53
LMT,Defense,2026-03-13,45.8,42.3,51.8,646.0,619.69,0,27.19,0.24,0.1768,61.27
RTX,Defense,2026-02-06,38.1,,37.6,198.66,208.23,1,20.37,0.428,4.92,
RTX,Defense,2026-02-09,38.1,,46.7,196.19,207.26,1,17.36,0.428,4.92,
RTX,Defense,2026-02-10,38.1,,48.5,195.19,203.04,1,17.79,0.428,4.92,
RTX,Defense,2026-02-11,38.1,,50.7,196.51,204.52,1,17.65,0.428,4.92,
RTX,Defense,2026-02-12,38.1,,52.4,201.14,206.06,1,20.82,0.428,4.92,
RTX,Defense,2026-02-13,38.1,,52.4,200.06,206.06,1,20.6,0.428,4.92,
RTX,Defense,2026-02-17,38.1,,53.6,203.5,200.73,0,20.29,0.428,4.92,
RTX,Defense,2026-02-18,38.1,,56.3,204.81,198.16,0,19.62,0.428,4.92,
RTX,Defense,2026-02-19,38.1,,57.8,205.41,194.82,0,20.23,0.428,4.92,
RTX,Defense,2026-02-20,38.1,,55.2,204.92,194.82,0,19.09,0.428,4.92,
RTX,Defense,2026-02-23,38.1,,58.0,201.92,195.0,0,21.01,0.428,4.92,
RTX,Defense,2026-02-24,38.1,,57.1,198.46,192.85,0,19.55,0.428,4.92,
RTX,Defense,2026-02-25,38.1,,55.6,195.98,189.71,0,17.93,0.428,4.92,
RTX,Defense,2026-02-26,38.1,,53.5,197.63,192.9,0,18.63,0.428,4.92,25.46
RTX,Defense,2026-02-27,38.1,,50.3,202.62,192.9,0,19.86,0.428,4.92,36.39
RTX,Defense,2026-03-02,38.1,,51.0,212.16,194.72,0,21.44,0.428,4.92,51.15
RTX,Defense,2026-03-03,38.1,,47.7,206.52,196.21,0,23.57,0.428,4.92,44.56
RTX,Defense,2026-03-04,38.1,,52.7,208.82,198.41,0,21.15,0.428,4.92,47.53
RTX,Defense,2026-03-05,38.1,,51.8,203.86,198.41,0,23.75,0.428,4.92,42.28
RTX,Defense,2026-03-06,38.1,65.9,52.5,209.76,198.41,0,29.49,0.428,4.92,49.43
RTX,Defense,2026-03-09,38.1,62.7,53.6,208.23,203.48,0,25.5,0.428,4.92,47.78
RTX,Defense,2026-03-10,38.1,58.6,59.3,207.0,203.19,0,24.93,0.428,4.92,46.43
RTX,Defense,2026-03-11,38.1,57.2,60.1,207.26,201.56,0,24.23,0.428,4.92,46.78
RTX,Defense,2026-03-12,38.1,42.1,58.2,203.04,201.41,0,27.29,0.428,4.92,42.09
RTX,Defense,2026-03-13,38.1,43.2,59.0,204.52,201.41,0,27.19,0.428,4.92,44.2
BA,Aerospace & Defense,2026-02-06,23.5,,49.9,243.03,225.0,0,20.37,1.128,,
BA,Aerospace & Defense,2026-02-09,23.5,,55.1,244.71,214.1,0,17.36,1.128,,
BA,Aerospace & Defense,2026-02-10,23.5,,50.4,242.59,204.76,0,17.79,1.128,,
BA,Aerospace & Defense,2026-02-11,23.5,,43.8,236.26,209.89,0,17.65,1.128,,
BA,Aerospace & Defense,2026-02-12,23.5,,37.1,239.35,213.47,0,20.82,1.128,,
BA,Aerospace & Defense,2026-02-13,23.5,,36.1,242.96,213.47,0,20.6,1.128,,
BA,Aerospace & Defense,2026-02-17,23.5,,34.6,244.04,201.18,0,20.29,1.128,,
BA,Aerospace & Defense,2026-02-18,23.5,,35.6,238.93,195.12,0,19.62,1.128,,
BA,Aerospace & Defense,2026-02-19,23.5,,38.9,233.71,198.41,0,20.23,1.128,,
BA,Aerospace & Defense,2026-02-20,23.5,,46.3,232.03,198.41,0,19.09,1.128,,
BA,Aerospace & Defense,2026-02-23,23.5,,47.6,230.44,199.61,0,21.01,1.128,,
BA,Aerospace & Defense,2026-02-24,23.5,,48.0,233.39,194.36,0,19.55,1.128,,
BA,Aerospace & Defense,2026-02-25,23.5,,48.5,230.36,190.52,0,17.93,1.128,,
BA,Aerospace & Defense,2026-02-26,23.5,,45.8,229.41,199.03,0,18.63,1.128,,48.98
BA,Aerospace & Defense,2026-02-27,23.5,,42.9,227.53,199.03,0,19.86,1.128,,46.19
BA,Aerospace & Defense,2026-03-02,23.5,,34.0,229.74,207.32,0,21.44,1.128,,49.81
BA,Aerospace & Defense,2026-03-03,23.5,,30.7,224.12,208.22,0,23.57,1.128,,42.06
BA,Aerospace & Defense,2026-03-04,23.5,,29.8,227.31,212.3,0,21.15,1.128,,47.09
BA,Aerospace & Defense,2026-03-05,23.5,,30.2,222.06,212.3,0,23.75,1.128,,40.81
BA,Aerospace & Defense,2026-03-06,23.5,41.5,31.1,231.11,212.3,0,29.49,1.128,,52.55
BA,Aerospace & Defense,2026-03-09,23.5,28.7,32.8,225.0,217.8,0,25.5,1.128,,45.93
BA,Aerospace & Defense,2026-03-10,23.5,22.7,31.8,217.76,220.06,1,24.93,1.128,,39.57
BA,Aerospace & Defense,2026-03-11,23.5,16.9,34.5,214.1,217.63,1,24.23,1.128,,36.79
BA,Aerospace & Defense,2026-03-12,23.5,16.0,34.1,204.76,222.14,1,27.29,1.128,,30.85
BA,Aerospace & Defense,2026-03-13,23.5,15.2,32.3,209.89,222.14,1,27.19,1.128,,36.88
LT.NS,Infrastructure,2026-02-06,23.1,,51.3,4068.1,3842.1,0,20.37,0.425,,
LT.NS,Infrastructure,2026-02-09,23.1,,77.0,4113.6,3838.8,0,17.36,0.425,,
LT.NS,Infrastructure,2026-02-10,23.1,,79.3,4169.0,3719.5,0,17.79,0.425,,
LT.NS,Infrastructure,2026-02-11,23.1,,77.3,4170.4,3439.0,0,17.65,0.425,,
LT.NS,Infrastructure,2026-02-12,23.1,,70.0,4185.9,3469.4,0,20.82,0.425,,
LT.NS,Infrastructure,2026-02-13,23.1,,61.9,4173.9,3469.4,0,20.6,0.425,,
LT.NS,Infrastructure,2026-02-16,23.1,,45.5,4201.5,3607.9,0,20.6,0.425,,
LT.NS,Infrastructure,2026-02-17,23.1,,47.2,4279.8,3434.5,0,20.29,0.425,,
LT.NS,Infrastructure,2026-02-18,23.1,,44.5,4325.9,3434.8,0,19.62,0.425,,
LT.NS,Infrastructure,2026-02-19,23.1,,45.2,4280.5,3342.4,0,20.23,0.425,,
LT.NS,Infrastructure,2026-02-20,23.1,,47.9,4380.6,3342.4,0,19.09,0.425,,
LT.NS,Infrastructure,2026-02-23,23.1,,78.3,4418.1,3649.3,0,21.01,0.425,,
LT.NS,Infrastructure,2026-02-24,23.1,,70.9,4259.2,3564.1,0,19.55,0.425,,
LT.NS,Infrastructure,2026-02-25,23.1,,67.5,4298.5,3564.1,0,17.93,0.425,,74.36
LT.NS,Infrastructure,2026-02-26,23.1,,57.4,4286.5,3504.1,0,18.63,0.425,,73.08
LT.NS,Infrastructure,2026-02-27,23.1,,56.2,4278.3,3504.1,0,19.86,0.425,,72.16
LT.NS,Infrastructure,2026-03-02,23.1,,32.1,4066.7,3607.5,0,21.44,0.425,,53.46
LT.NS,Infrastructure,2026-03-04,23.1,,20.6,3882.6,3727.7,0,21.15,0.425,,43.01
LT.NS,Infrastructure,2026-03-05,23.1,,27.3,4038.7,3727.7,0,23.75,0.425,,51.64
LT.NS,Infrastructure,2026-03-06,23.1,24.3,27.0,3949.8,3727.7,0,29.49,0.425,,47.25
LT.NS,Infrastructure,2026-03-09,23.1,19.4,24.1,3842.1,4005.9,1,25.5,0.425,,42.54
LT.NS,Infrastructure,2026-03-11,23.1,19.2,31.8,3838.8,3959.9,1,24.23,0.425,,42.76
LT.NS,Infrastructure,2026-03-12,23.1,15.6,32.5,3719.5,3954.3,1,27.29,0.425,,37.89
LT.NS,Infrastructure,2026-03-13,23.1,13.9,17.0,3439.0,3954.3,1,27.19,0.425,,29.41
ADANIPORTS.NS,Infrastructure,2026-02-18,48.8,,97.1,1550.8,1365.4,0,19.62,0.332,1.2503,
ADANIPORTS.NS,Infrastructure,2026-02-23,48.8,,92.4,1555.8,1375.9,0,21.01,0.332,1.2503,
ADANIPORTS.NS,Infrastructure,2026-02-25,48.8,,92.4,1528.7,1337.8,0,17.93,0.332,1.2503,59.4
ADANIPORTS.NS,Infrastructure,2026-02-26,48.8,,89.3,1550.6,1312.6,0,18.63,0.332,1.2503,63.32
ADANIPORTS.NS,Infrastructure,2026-03-04,48.8,,54.0,1434.4,1387.1,0,21.15,0.332,1.2503,39.62
ADANIPORTS.NS,Infrastructure,2026-03-13,48.8,15.7,50.0,1363.2,1465.3,1,27.19,0.332,1.2503,33.91
BHARTIARTL.NS,Telecom,2026-02-09,40.5,,82.9,2038.2,1807.0,0,17.36,0.017,,
BHARTIARTL.NS,Telecom,2026-02-10,40.5,,82.4,2011.3,1801.3,0,17.79,0.017,,
BHARTIARTL.NS,Telecom,2026-02-11,40.5,,82.6,2012.1,1803.4,0,17.65,0.017,,
BHARTIARTL.NS,Telecom,2026-02-12,40.5,,76.6,2014.5,1788.8,0,20.82,0.017,,
BHARTIARTL.NS,Telecom,2026-02-13,40.5,,70.1,2004.7,1788.8,0,20.6,0.017,,
BHARTIARTL.NS,Telecom,2026-02-16,40.5,,61.1,2029.4,1855.4,0,20.6,0.017,,
BHARTIARTL.NS,Telecom,2026-02-17,40.5,,59.6,2020.3,1827.0,0,20.29,0.017,,
BHARTIARTL.NS,Telecom,2026-02-18,40.5,,60.4,2021.8,1846.1,0,19.62,0.017,,
BHARTIARTL.NS,Telecom,2026-02-19,40.5,,53.7,1988.6,1795.9,0,20.23,0.017,,
BHARTIARTL.NS,Telecom,2026-02-20,40.5,,56.4,1977.4,1795.9,0,19.09,0.017,,
BHARTIARTL.NS,Telecom,2026-02-23,40.5,,73.9,1997.3,1834.9,0,21.01,0.017,,
BHARTIARTL.NS,Telecom,2026-02-24,40.5,,53.0,1941.0,1843.9,0,19.55,0.017,,
BHARTIARTL.NS,Telecom,2026-02-25,40.5,,54.7,1913.4,1843.9,0,17.93,0.017,,
BHARTIARTL.NS,Telecom,2026-02-26,40.5,,52.9,1929.6,1782.4,0,18.63,0.017,,15.13
BHARTIARTL.NS,Telecom,2026-02-27,40.5,,46.2,1879.3,1782.4,0,19.86,0.017,,12.93
BHARTIARTL.NS,Telecom,2026-03-02,40.5,,47.1,1873.2,1781.9,0,21.44,0.017,,12.69
BHARTIARTL.NS,Telecom,2026-03-04,40.5,,47.4,1905.9,1792.8,0,21.15,0.017,,21.16
BHARTIARTL.NS,Telecom,2026-03-05,40.5,,46.1,1907.0,1792.8,0,23.75,0.017,,21.44
BHARTIARTL.NS,Telecom,2026-03-06,40.5,,40.2,1870.8,1792.8,0,29.49,0.017,,19.07
BHARTIARTL.NS,Telecom,2026-03-09,40.5,17.6,40.6,1866.7,1861.6,0,25.5,0.017,,18.82
BHARTIARTL.NS,Telecom,2026-03-10,40.5,17.2,41.1,1850.4,1859.4,1,24.93,0.017,,17.81
BHARTIARTL.NS,Telecom,2026-03-11,40.5,15.3,33.2,1807.0,1870.0,1,24.23,0.017,,15.42
BHARTIARTL.NS,Telecom,2026-03-12,40.5,15.5,38.8,1801.3,1870.9,1,27.29,0.017,,15.14
BHARTIARTL.NS,Telecom,2026-03-13,40.5,15.6,29.1,1803.4,1870.9,1,27.19,0.017,,15.76
VOD.L,Telecom,2026-02-06,22.4,,50.0,110.6,105.2,0,20.37,0.313,,
VOD.L,Telecom,2026-02-09,22.4,,77.8,111.88,107.25,0,17.36,0.313,,
VOD.L,Telecom,2026-02-10,22.4,,81.1,113.38,106.55,0,17.79,0.313,,
VOD.L,Telecom,2026-02-11,22.4,,68.1,113.25,109.2,0,17.65,0.313,,
VOD.L,Telecom,2026-02-12,22.4,,71.2,114.05,110.7,0,20.82,0.313,,
VOD.L,Telecom,2026-02-13,22.4,,70.3,114.15,110.7,0,20.6,0.313,,
VOD.L,Telecom,2026-02-16,22.4,,69.7,114.0,110.4,0,20.6,0.313,,
VOD.L,Telecom,2026-02-17,22.4,,71.8,114.45,107.95,0,20.29,0.313,,
VOD.L,Telecom,2026-02-18,22.4,,73.6,117.45,107.95,0,19.62,0.313,,
VOD.L,Telecom,2026-02-19,22.4,,64.8,115.55,108.4,0,20.23,0.313,,
VOD.L,Telecom,2026-02-20,22.4,,64.2,115.5,108.4,0,19.09,0.313,,
VOD.L,Telecom,2026-02-23,22.4,,64.3,115.65,109.75,0,21.01,0.313,,
VOD.L,Telecom,2026-02-24,22.4,,64.6,116.95,111.15,0,19.55,0.313,,
VOD.L,Telecom,2026-02-25,22.4,,60.1,117.2,110.3,0,17.93,0.313,,88.58
VOD.L,Telecom,2026-02-26,22.4,,57.9,116.35,111.5,0,18.63,0.313,,83.15
VOD.L,Telecom,2026-02-27,22.4,,72.3,114.5,111.5,0,19.86,0.313,,72.71
VOD.L,Telecom,2026-03-02,22.4,,68.9,113.65,114.79,1,21.44,0.313,,68.46
VOD.L,Telecom,2026-03-03,22.4,,69.7,108.8,115.05,1,23.57,0.313,,50.35
VOD.L,Telecom,2026-03-04,22.4,,72.0,111.6,116.1,1,21.15,0.313,,57.36
VOD.L,Telecom,2026-03-05,22.4,44.8,70.8,112.65,116.1,1,23.75,0.313,,59.66
VOD.L,Telecom,2026-03-06,22.4,31.7,70.7,108.3,116.1,1,29.49,0.313,,48.09
VOD.L,Telecom,2026-03-09,22.4,22.2,57.0,105.2,116.47,1,25.5,0.313,,41.86
VOD.L,Telecom,2026-03-10,22.4,28.4,69.6,108.45,118.8,1,24.93,0.313,,49.28
VOD.L,Telecom,2026-03-11,22.4,25.9,74.1,107.25,117.9,1,24.23,0.313,,46.9
VOD.L,Telecom,2026-03-12,22.4,24.8,62.8,106.55,117.75,1,27.29,0.313,,45.52
VOD.L,Telecom,2026-03-13,22.4,34.3,62.8,109.2,117.75,1,27.19,0.313,,51.36
TMUS,Telecom,2026-02-06,48.3,,92.3,197.39,217.5,1,20.37,0.422,,
TMUS,Telecom,2026-02-09,48.3,,47.1,197.66,213.44,1,17.36,0.422,,
TMUS,Telecom,2026-02-10,48.3,,28.6,199.43,214.37,1,17.79,0.422,,
TMUS,Telecom,2026-02-11,48.3,,34.2,209.54,217.39,1,17.65,0.422,,
TMUS,Telecom,2026-02-12,48.3,,33.2,214.68,214.82,1,20.82,0.422,,
TMUS,Telecom,2026-02-13,48.3,,38.3,219.5,214.82,0,20.6,0.422,,
TMUS,Telecom,2026-02-17,48.3,,43.3,219.61,206.59,0,20.29,0.422,,
TMUS,Telecom,2026-02-18,48.3,,49.6,213.25,208.47,0,19.62,0.422,,
TMUS,Telecom,2026-02-19,48.3,,52.0,215.3,208.76,0,20.23,0.422,,
TMUS,Telecom,2026-02-20,48.3,,59.5,215.46,208.76,0,19.09,0.422,,
TMUS,Telecom,2026-02-23,48.3,,57.2,219.95,211.36,0,21.01,0.422,,
TMUS,Telecom,2026-02-24,48.3,,59.1,221.98,211.59,0,19.55,0.422,,
TMUS,Telecom,2026-02-25,48.3,,58.7,218.66,210.82,0,17.93,0.422,,
TMUS,Telecom,2026-02-26,48.3,,56.5,213.15,210.03,0,18.63,0.422,,60.5
TMUS,Telecom,2026-02-27,48.3,,54.3,217.09,210.03,0,19.86,0.422,,65.11
TMUS,Telecom,2026-03-02,48.3,,61.9,216.11,204.25,0,21.44,0.422,,63.14
TMUS,Telecom,2026-03-03,48.3,,64.6,218.53,201.4,0,23.57,0.422,,65.89
TMUS,Telecom,2026-03-04,48.3,,73.4,219.71,198.61,0,21.15,0.422,,67.18
TMUS,Telecom,2026-03-05,48.3,,74.7,220.54,198.61,0,23.75,0.422,,68.09
TMUS,Telecom,2026-03-06,48.3,71.5,75.4,221.57,198.61,0,29.49,0.422,,69.23
TMUS,Telecom,2026-03-09,48.3,59.0,66.5,217.5,197.63,0,25.5,0.422,,60.08
TMUS,Telecom,2026-03-10,48.3,59.8,60.5,218.78,197.54,0,24.93,0.422,,61.79
TMUS,Telecom,2026-03-11,48.3,39.6,58.0,213.44,195.71,0,24.23,0.422,,51.81
TMUS,Telecom,2026-03-12,48.3,40.7,53.6,214.37,192.43,0,27.29,0.422,,53.23
TMUS,Telecom,2026-03-13,48.3,49.0,47.5,217.39,192.43,0,27.19,0.422,,57.59
DIS,Media & Entertainment,2026-02-06,58.5,,53.9,108.7,101.66,0,20.37,1.441,,
DIS,Media & Entertainment,2026-02-09,58.5,,50.7,107.13,100.89,0,17.36,1.441,,
DIS,Media & Entertainment,2026-02-10,58.5,,47.4,109.96,99.43,0,17.79,1.441,,
DIS,Media & Entertainment,2026-02-11,58.5,,50.5,108.12,99.29,0,17.65,1.441,,
DIS,Media & Entertainment,2026-02-12,58.5,,47.3,102.38,98.66,0,20.82,1.441,,
DIS,Media & Entertainment,2026-02-13,58.5,,42.2,105.45,98.66,0,20.6,1.441,,
DIS,Media & Entertainment,2026-02-17,58.5,,50.6,105.44,99.2,0,20.29,1.441,,
DIS,Media & Entertainment,2026-02-18,58.5,,52.6,107.1,99.51,0,19.62,1.441,,
DIS,Media & Entertainment,2026-02-19,58.5,,53.7,106.0,97.95,0,20.23,1.441,,
DIS,Media & Entertainment,2026-02-20,58.5,,57.6,105.58,97.95,0,19.09,1.441,,
DIS,Media & Entertainment,2026-02-23,58.5,,60.9,104.41,95.95,0,21.01,1.441,,
DIS,Media & Entertainment,2026-02-24,58.5,,57.6,106.05,94.75,0,19.55,1.441,,
DIS,Media & Entertainment,2026-02-25,58.5,,54.5,105.05,92.42,0,17.93,1.441,,
DIS,Media & Entertainment,2026-02-26,58.5,,53.8,105.55,96.38,0,18.63,1.441,,27.28
DIS,Media & Entertainment,2026-02-27,58.5,,54.3,106.04,96.38,0,19.86,1.441,,29.01
DIS,Media & Entertainment,2026-03-02,58.5,,53.5,104.33,96.56,0,21.44,1.441,,26.63
DIS,Media & Entertainment,2026-03-03,58.5,,51.3,103.3,96.61,0,23.57,1.441,,25.29
DIS,Media & Entertainment,2026-03-04,58.5,,53.4,103.04,96.28,0,21.15,1.441,,24.95
DIS,Media & Entertainment,2026-03-05,58.5,,56.7,102.41,96.28,0,23.75,1.441,,24.1
DIS,Media & Entertainment,2026-03-06,58.5,22.8,56.5,101.54,96.28,0,29.49,1.441,,22.94
DIS,Media & Entertainment,2026-03-09,58.5,22.8,55.0,101.66,99.18,0,25.5,1.441,,23.49
DIS,Media & Entertainment,2026-03-10,58.5,22.5,52.1,101.32,99.79,0,24.93,1.441,,22.99
DIS,Media & Entertainment,2026-03-11,58.5,22.4,52.5,100.89,99.17,0,24.23,1.441,,22.34
DIS,Media & Entertainment,2026-03-12,58.5,20.2,51.0,99.43,101.18,1,27.29,1.441,,20.26
DIS,Media & Entertainment,2026-03-13,58.5,20.1,52.9,99.29,101.18,1,27.19,1.441,,20.06
NFLX,Media & Entertainment,2026-02-06,61.8,,44.4,82.2,98.32,1,20.37,1.669,1.286,
NFLX,Media & Entertainment,2026-02-09,61.8,,33.8,81.47,94.89,1,17.36,1.669,1.286,
NFLX,Media & Entertainment,2026-02-10,61.8,,36.6,82.21,94.31,1,17.79,1.669,1.286,
NFLX,Media & Entertainment,2026-02-11,61.8,,39.4,79.62,95.31,1,17.65,1.669,1.286,
NFLX,Media & Entertainment,2026-02-12,61.8,,34.8,75.86,95.2,1,20.82,1.669,1.286,
NFLX,Media & Entertainment,2026-02-13,61.8,,36.9,76.87,95.2,1,20.6,1.669,1.286,
NFLX,Media & Entertainment,2026-02-17,61.8,,31.4,77.0,91.74,1,20.29,1.669,1.286,
NFLX,Media & Entertainment,2026-02-18,61.8,,32.3,77.99,91.82,1,19.62,1.669,1.286,
NFLX,Media & Entertainment,2026-02-19,61.8,,28.6,77.0,93.38,1,20.23,1.669,1.286,
NFLX,Media & Entertainment,2026-02-20,61.8,,30.3,78.67,93.38,1,19.09,1.669,1.286,
NFLX,Media & Entertainment,2026-02-23,61.8,,30.2,76.02,92.28,1,21.01,1.669,1.286,
NFLX,Media & Entertainment,2026-02-24,61.8,,33.8,78.04,93.32,1,19.55,1.669,1.286,
NFLX,Media & Entertainment,2026-02-25,61.8,,43.8,82.7,93.43,1,17.93,1.669,1.286,
NFLX,Media & Entertainment,2026-02-26,61.8,,42.8,84.59,96.15,1,18.63,1.669,1.286,51.5
NFLX,Media & Entertainment,2026-02-27,61.8,,42.7,96.24,96.15,0,19.86,1.669,1.286,69.66
NFLX,Media & Entertainment,2026-03-02,61.8,,45.2,97.09,95.55,0,21.44,1.669,1.286,70.52
NFLX,Media & Entertainment,2026-03-03,61.8,,46.6,97.7,98.66,1,23.57,1.669,1.286,71.16
NFLX,Media & Entertainment,2026-03-04,61.8,,45.5,98.66,98.93,1,21.15,1.669,1.286,72.18
NFLX,Media & Entertainment,2026-03-05,61.8,,40.6,99.17,98.93,0,23.75,1.669,1.286,72.73
NFLX,Media & Entertainment,2026-03-06,61.8,83.6,41.9,99.02,98.93,0,29.49,1.669,1.286,72.28
NFLX,Media & Entertainment,2026-03-09,61.8,83.3,42.1,98.32,99.39,1,25.5,1.669,1.286,70.08
NFLX,Media & Entertainment,2026-03-10,61.8,82.0,37.9,96.94,102.05,1,24.93,1.669,1.286,65.83
NFLX,Media & Entertainment,2026-03-11,61.8,78.9,38.1,94.89,103.01,1,24.23,1.669,1.286,60.02
NFLX,Media & Entertainment,2026-03-12,61.8,77.4,35.2,94.31,103.16,1,27.29,1.669,1.286,58.44
NFLX,Media & Entertainment,2026-03-13,61.8,76.7,36.2,95.31,103.16,1,27.19,1.669,1.286,60.37
SONY,Electronics,2026-02-06,39.7,,50.6,22.26,21.62,0,20.37,0.751,,
SONY,Electronics,2026-02-09,39.7,,55.6,22.33,21.49,0,17.36,0.751,,
SONY,Electronics,2026-02-10,39.7,,56.1,22.83,21.46,0,17.79,0.751,,
SONY,Electronics,2026-02-11,39.7,,58.3,22.95,21.49,0,17.65,0.751,,
SONY,Electronics,2026-02-12,39.7,,59.0,22.87,21.65,0,20.82,0.751,,
SONY,Electronics,2026-02-13,39.7,,60.4,23.19,21.65,0,20.6,0.751,,
SONY,Electronics,2026-02-17,39.7,,53.0,22.82,20.62,0,20.29,0.751,,
SONY,Electronics,2026-02-18,39.7,,51.5,22.5,20.22,0,19.62,0.751,,
SONY,Electronics,2026-02-19,39.7,,47.6,22.25,20.68,0,20.23,0.751,,
SONY,Electronics,2026-02-20,39.7,,44.6,21.93,20.68,0,19.09,0.751,,
SONY,Electronics,2026-02-23,39.7,,42.3,21.67,20.54,0,21.01,0.751,,
SONY,Electronics,2026-02-24,39.7,,44.6,21.6,20.03,0,19.55,0.751,,
SONY,Electronics,2026-02-25,39.7,,46.3,21.41,19.91,0,17.93,0.751,,
SONY,Electronics,2026-02-26,39.7,,46.1,22.59,20.7,0,18.63,0.751,,60.66
SONY,Electronics,2026-02-27,39.7,,48.9,23.06,20.7,0,19.86,0.751,,65.81
SONY,Electronics,2026-03-02,39.7,,54.3,22.69,21.12,0,21.44,0.751,,59.23
SONY,Electronics,2026-03-03,39.7,,54.7,21.58,21.14,0,23.57,0.751,,44.78
SONY,Electronics,2026-03-04,39.7,,53.7,21.99,20.78,0,21.15,0.751,,49.67
SONY,Electronics,2026-03-05,39.7,,52.5,21.37,20.78,0,23.75,0.751,,43.41
SONY,Electronics,2026-03-06,39.7,26.8,54.5,21.48,20.78,0,29.49,0.751,,44.74
SONY,Electronics,2026-03-09,39.7,29.5,52.4,21.62,21.38,0,25.5,0.751,,46.46
SONY,Electronics,2026-03-10,39.7,31.6,49.0,21.68,21.42,0,24.93,0.751,,47.22
SONY,Electronics,2026-03-11,39.7,28.8,46.6,21.49,21.05,0,24.23,0.751,,45.04
SONY,Electronics,2026-03-12,39.7,29.6,49.2,21.46,21.05,0,27.29,0.751,,44.69
SONY,Electronics,2026-03-13,39.7,31.7,50.5,21.49,21.05,0,27.19,0.751,,45.15
